-10.30653443,4.4774175,0.803034048,0.765304054,0.149903452,-0.922310928,0.993045669,-1.610034185,-1.612843508,-0.609923924,0.015469459,0.022066253,0.025141094,0.477400544,0.087162759,-1.090129911
-24.15801956,8.930512692,-0.831676227,-2.177609308,-1.24357629,0.302311592,3.988695885,-1.494750581,-1.596971766,-0.296953092,0.451045648,0.085826947,1.885988376,1.673292872,0.2899126,-1.047021395
-14.81503367,11.06705938,13.5386929,7.616000316,2.497589546,-1.889174902,-3.83599073,1.240749236,-1.58111321,-2.102492483,-0.4744382,1.57493598,-0.203817318,-0.43934044,-1.076220362,-0.673365607
-28.84987614,7.441545817,5.130806005,4.477109189,-2.440691829,-9.155127091,1.001243017,-4.895535503,-3.357736943,-2.091588795,-1.098955247,1.664058356,-0.653357324,-0.084217163,-0.831279622,-0.521562271
-58.47991022,9.371054588,12.09566431,3.283167313,-2.778190509,-7.418057825,1.760833379,-2.447084909,-2.808458285,-1.756789997,1.788992736,2.518836746,1.588489918,2.562892592,-0.286209509,-0.751535526
-15.91660296,6.26266915,2.138273799,-0.163535994,-1.130588226,0.563754592,2.401864158,-2.668149358,-3.374905973,-0.299071776,1.391402182,1.072628502,0.448543857,0.897802003,-0.055285958,-1.158503023
-21.89585281,4.667955129,-1.198280296,2.444421999,-0.091804052,-5.369222719,-0.824237389,-3.85954338,-3.119957045,-2.967261901,-1.421276313,-0.521122959,-0.059798386,1.686887788,-0.543215296,-0.819377649
-24.88078706,0.225249705,5.589229071,3.57812691,-0.862484085,-4.02546173,0.164654603,-0.665414861,-1.445689404,0.52973304,0.022540716,0.631989973,0.483165291,0.861953475,0.381198208,-1.667068599
-27.5303865,5.01420817,9.221251612,5.260732419,-2.926724332,-3.351444025,0.483126309,-1.752357272,-2.043285511,-0.10620704,-1.095890439,0.81851861,1.502249478,-0.366134345,-0.758393923,-1.258685936
-15.10799242,9.053676106,5.095973875,4.050831807,0.677543962,-1.232304579,1.563467144,-0.857910652,-1.250989767,-0.228304279,-0.171253235,0.903052067,1.037529026,0.726765949,-0.484363436,-1.515165624
-12.17800641,3.516651903,3.392780023,4.498982021,-0.592340779,-0.985021924,0.611037688,-0.75580404,-1.540839997,-0.316937355,-0.034711854,0.437491976,0.29754164,0.181703159,-0.667392144,-1.209845905
-16.36898916,6.791478322,5.953278096,3.164873723,-1.509011431,-2.463169905,-1.121692751,-2.241291825,-1.65940381,-0.11059715,-0.334517808,1.620775945,-0.588805135,-0.86665941,1.303349145,-1.85877183
-22.63637098,5.395033865,3.302175496,3.322064223,-3.61698054,-1.742641872,1.881900855,-2.286881064,-1.771011231,-0.306134836,0.441815393,1.939597191,-0.356869039,0.35432263,0.340327221,-1.891037495
-11.34467063,7.026205778,2.110863763,2.792921537,0.030653126,0.249768867,2.962559163,-1.932832875,-2.299835521,0.192183051,-0.130494654,0.361287504,0.155786165,0.297825846,-0.128778463,-1.090510836
-14.10243139,-0.725729124,3.508550654,-0.693668621,-0.95268059,-2.535487583,-0.984042903,-3.827029119,-2.97276163,-1.484662483,-0.473326436,-0.129159612,-0.777564566,-0.599689375,0.487277594,-1.077805043
-6.765600746,2.30115298,4.921420206,0.30743373,-0.360016275,-2.175460839,-1.167477556,-3.269900703,-2.094492369,-0.947475605,-0.582745585,0.672026153,-0.591324072,-0.095005657,-0.079820196,-1.071840794
-17.83790276,16.36292355,6.451786935,8.110325536,2.361396455,2.827737473,0.321707523,-1.380574788,-1.372981298,-2.203233099,0.388106425,2.264562316,-0.694173855,-1.085205979,0.300860435,-1.250195131
-271.236704,-0.945411844,13.78744999,10.68293105,-18.11820157,-7.283007906,-4.456804861,-3.386467986,-13.06430908,-2.102687164,12.41789778,7.002746059,4.674657576,12.10862045,0.981934098,-5.114862341
-25.72159827,17.16535913,3.1722638,6.256856116,3.356414576,-2.322203541,1.253504902,-1.199170765,-2.542555032,-1.716502388,0.165510757,1.259123239,0.260306333,1.041838179,0.979299323,-1.669168761
-21.61304323,8.286928543,5.098772861,0.556268366,0.997101041,0.627039143,2.21232114,-3.214897684,-3.27803218,-0.020089665,0.381516646,1.245790572,0.543652854,1.161019333,0.275482545,-1.222932107
-86.36965622,10.76700905,8.95358479,-2.244095246,-0.873728879,-4.516584927,-1.087701621,-8.487272668,-10.65316628,-1.380785013,-0.014743419,0.728167158,1.637195745,3.137541277,0.904697988,-1.957278081
-11.8772464,2.415089971,1.733895068,0.657135948,0.542523042,-0.658077577,0.913547241,-1.544408648,-1.387685971,-0.454209193,0.474994619,0.311119958,0.232609645,0.584784343,-0.285436684,-1.099070091
-12.83683107,3.194895372,0.263565561,-0.089117129,-0.315481336,-1.266166749,2.237401792,-2.078549299,-1.710544071,-0.634576868,-0.02500921,0.408551873,0.037906093,0.639175722,-0.022658258,-1.135983359
-38.44187917,16.51419663,0.559025348,10.86757247,0.58452433,1.632783716,-3.017141654,1.142041941,-1.463359144,-1.666662204,-1.89021358,1.022183442,1.378246222,0.818899029,3.628446127,-0.720055003
-14.35301639,8.068026409,3.76930563,-0.002478832,0.087207615,-4.185104524,-0.107241501,-3.548371621,-2.893594992,-0.902387029,-0.365422864,0.711095591,0.275551149,1.109533946,-0.245796352,-0.817206024
-7.9020589,3.321070969,2.387986379,1.245990703,0.437648148,-1.182185302,0.586904747,-1.456908807,-1.470781919,-0.28496304,0.028535675,0.224867979,0.075751247,0.056955914,-0.123522657,-1.03297462
-27.74468293,18.90334161,22.78894695,14.21256849,5.166009844,-2.674562095,2.299783862,-0.979844474,-7.061715814,-4.720165024,2.800567114,2.521521426,-0.697644713,-0.27769826,-1.544569264,-1.996707365
-21.95352046,6.126491246,1.661074356,0.799192305,-1.446887843,-2.138501406,1.064145444,-2.327542792,-1.324849588,-0.46795429,-0.880211028,0.346514791,1.316968396,1.335505735,-0.138700722,-1.296210968
-10.88645397,6.960178053,5.708299062,1.43826213,-1.833001557,-1.740819196,0.699018781,-3.124530549,-1.756049219,-0.344613305,-0.010482936,1.068673276,-0.228299239,-0.251153042,0.356558896,-0.782311633
-13.35064479,12.36207793,2.853246571,3.327888543,1.307949694,-1.946062721,2.734439317,-1.429780234,-2.466275701,-1.015496136,0.090759264,0.61756989,0.73467365,3.117618318,-0.934367236,-1.1523125
-135.9911588,-9.053747167,-3.717292812,11.01322627,-11.23572863,2.101149014,1.080021574,-2.107154639,-3.501087214,-0.788356205,1.446089876,0.872648159,3.131621686,0.789947174,1.77109898,-1.05165346
-19.84758949,15.52697364,7.327789085,3.951483627,1.529769449,-2.41165101,2.489136667,-3.184642306,-3.469026544,-0.811600308,-0.641915836,0.971404626,0.438942091,0.504989249,-0.444586831,-0.935490265
-16.48832084,7.0826556,3.278700012,1.928250486,1.840950523,-2.169953469,2.610201864,-1.742493444,-1.725150563,-0.55713985,0.086188446,0.945404211,0.19763766,0.93931394,-0.044576827,-1.254200363
-6.584396351,4.093202282,2.340637453,1.555496525,0.650734988,-0.707570475,0.838994913,-0.909347433,-0.749785888,-0.150831016,-0.247371409,0.237721032,0.231714791,-0.098411369,-0.070534399,-0.941794604
-27.24832812,4.534990061,1.559504954,5.74557008,-0.406552694,-1.451763072,0.531283816,-0.509060133,-1.398173019,0.248545515,0.420652865,0.70729324,-0.078541839,1.117931341,-0.262859268,-0.890863016
-6.801046136,4.54480368,2.435990457,2.35382837,0.869812384,-1.391670613,0.652803362,-1.397873345,-1.134457964,-0.748600784,-0.212469354,0.305658792,0.119213315,-0.186428786,0.001795091,-0.928065685
-46.47551789,5.398261979,7.678429983,4.76441752,-1.719127947,-1.184058648,0.930789286,-1.746769461,-2.55299737,-0.826354137,-0.316400951,1.30398383,2.762258759,2.186344255,-1.315395309,-1.868925529
-15.4825614,7.323057912,5.55619425,1.85677351,0.656935663,-2.65905172,-0.478903279,-2.186412821,-1.682053296,-1.243858241,-0.676555209,1.083109861,0.637970762,0.280120029,0.210004939,-0.864501511
-8.57844723,5.842939218,2.74404903,1.624290756,0.672325645,-1.344753528,1.09151015,-1.757109064,-1.861314692,-0.459255625,0.15910436,0.347048925,0.003167114,0.53789794,-0.24126998,-1.150721707
-8.05982635,11.31786287,6.112785246,7.242997894,1.44819581,1.716594983,-0.867172126,-0.306859192,-0.840061773,-1.228066751,-0.863287247,1.101892451,0.273802076,-0.665504324,-0.559328901,-1.335807248
-11.67388698,9.854923748,4.401387027,0.488023682,1.440593002,-5.330115477,2.034043827,-3.329502403,-2.296816897,-1.041462757,-0.958994579,0.370597336,0.220255098,1.528359643,-0.42402227,-1.050079862
-28.56260844,-1.234013232,8.076875299,1.901658202,0.991226382,1.432455277,0.002962362,-1.567601894,-2.141540943,0.385056947,1.083504068,1.195396641,0.022984498,0.834599255,-0.458965039,-1.204242747
-8.333239618,7.376247891,5.382003197,2.049792835,2.502505108,-0.628867405,1.591385871,-1.438182458,-1.935306301,-0.329131923,0.50685535,0.425442346,0.003125218,-0.088745729,-0.00113523,-1.04575652
-9.829331263,2.425232304,0.203407048,1.164248935,-0.288891744,-3.313691463,-0.068137485,-1.962062172,-1.689924936,-1.542078402,-0.656688713,-0.333133342,-0.087827381,0.358906705,-0.300746001,-0.804832599
-13.32653113,8.521526842,4.427643446,3.060863824,-0.038087666,-1.617840078,0.68502906,-1.763046282,-2.744076303,0.0158686,0.087295293,0.800965176,0.296397398,0.404975364,-0.387263121,-0.90181851
-8.340658164,2.69747823,1.891680318,-1.213637843,-1.366462203,-1.019154638,-0.45341506,-2.162566217,-1.896046802,-0.444569285,-0.383430802,0.198308484,0.057706497,0.152733847,0.086431646,-0.967921134
-31.17253481,5.408955727,2.476152237,-0.259713648,-2.559136629,-3.919357879,0.419881914,-1.639305447,-2.612503987,0.836870414,-2.084679945,0.542692155,-0.223821581,-0.538008833,0.712542562,-1.418602034
-10.90650228,3.811542781,2.892309911,1.039947385,-2.246194788,-0.648356105,0.283114174,-2.132469082,-1.029636118,-0.798271146,-0.654343173,0.507871569,0.572591306,0.017257237,0.021505552,-0.908656169
-12.98507933,7.630189014,5.379888098,2.209188888,-1.099095833,-4.856366238,1.153855727,-0.591285705,-0.558066272,-1.388081666,2.176561358,1.030272169,0.39398466,0.240264372,-0.10632757,-0.992761716
-7.141351977,3.898864616,2.439923073,1.996871259,0.196001276,-1.009013501,0.313837998,-1.748076387,-1.362005728,-0.280012058,-0.184839361,0.385629688,0.063116247,-0.016775435,-0.254010848,-0.994625113
-13.90845429,3.648197076,0.575087236,0.641964599,-1.041478695,1.35739325,2.185377166,-1.867918769,-1.532275278,0.131659477,-0.057050074,0.304714979,0.405650927,-0.250146879,0.504569428,-1.018148361
-22.1835751,5.724742941,5.624376372,4.342565894,-0.456307595,-0.141894875,0.696724271,-0.058784215,-1.125024784,0.174829363,0.273732515,1.456239142,0.198755584,0.442087564,0.775831837,-2.667621974
-25.2658399,17.6690161,3.906371351,11.18846462,3.370200709,-4.14109521,2.800712624,-3.119271448,-1.39628956,-0.536103253,-1.152322766,2.297276979,0.334836909,-0.180626853,0.308510696,-1.199947489
-14.48277365,7.997502264,4.278832877,1.167898152,-1.850393607,-3.92451698,1.117330715,-2.514422966,-2.368649179,-1.28549866,-0.295311794,1.406903945,-0.468267059,1.271944457,0.197281451,-1.358203675
-10.59654609,4.546403105,2.152543243,-1.451847018,-1.835205521,-0.895001801,-0.293201426,-2.982674347,-2.381389705,0.151044719,0.017438887,0.639831198,-0.28505983,0.097441237,0.46180563,-1.10172664
-9.719354745,3.712487338,2.98461281,2.025682709,-0.812726437,-1.688012283,0.317277568,-1.186355604,-1.211195619,-0.703870037,0.06608794,0.260697549,0.418200759,0.117276785,-0.347399919,-0.538085495
-20.21643602,4.154229183,1.002889792,-3.914925504,-1.785468759,0.173406323,1.251728434,-2.289656039,-2.048684376,-1.687475101,-0.311745949,0.256378813,0.669685625,0.436948619,0.30886503,-0.721242385
-4.830715563,11.29064656,4.996408237,4.03771882,3.759681087,-0.35636706,2.33103385,-1.484976128,-2.188420842,-0.77318649,0.188120718,0.019946924,0.37205022,0.761186308,-0.573458703,-1.918637885
-2.25454852,2.940462555,2.002204903,1.37690272,0.522181489,-0.82670031,0.490873332,-0.961134352,-0.870041781,-0.183190765,0.042698993,0.162983218,0.019816834,-0.164244355,-0.187611816,-0.979286772
-14.16499293,6.120921403,0.147270402,1.139999554,1.614964334,-0.936330005,1.468204332,-1.894075652,-1.912490239,-0.303491497,0.622969131,0.137470974,-0.239170271,1.131394764,0.207315893,-1.473910744
-18.22356385,5.657365245,0.802514349,1.566579614,0.579581899,-3.056879299,3.247395003,-2.355240884,-1.146617854,0.573679684,-1.125376361,0.558171859,0.092504266,0.571273986,-0.099744662,-1.083572495
-16.27633486,4.487367471,0.654263314,2.192999905,0.03735687,-1.15772394,0.120732662,-1.833187197,-2.095524038,0.435281413,0.401094184,0.585596473,0.415620468,0.34029338,0.15119852,-1.093163112
-23.528362,8.594112328,2.777680127,0.706476106,-3.96292846,-1.19297013,-1.117720252,-3.140024465,-1.309778351,1.614470112,-3.162928822,1.408102614,0.855159616,-0.956682076,0.001989581,-0.790741423
-5.79222286,3.531396645,1.543149404,1.572008921,0.41563821,-0.833292658,0.751314048,-1.060392324,-1.016844968,-0.101813041,0.055018945,0.157564817,0.24849373,0.071910723,-0.201000721,-0.985022927
-7.685133934,4.553312135,2.615201677,2.621275288,0.366332962,-1.95668804,0.803008018,-1.501005536,-1.444656714,-0.205198225,0.2387832,0.483959311,-0.137107265,0.149481806,-0.157699443,-1.153537807
-15.02915263,10.35936579,4.637779909,5.163301677,0.085100068,-2.108471475,-0.184857925,-0.764779836,-1.842617209,0.160817053,-0.590745375,1.008034233,0.313446438,0.893182773,-0.777609868,-1.448829518
-9.869084757,4.168356515,1.563407516,1.954416731,-0.46100627,-1.165200947,1.26025052,-1.711341993,-1.570682878,-0.271924655,-0.444107682,0.312567174,0.018134145,0.171154371,-0.16217482,-0.981169054
-34.52322445,1.125669917,12.46759855,5.212533041,-3.594599716,-14.42031075,-1.174007296,-2.023781947,-0.81506701,2.639676001,0.604356158,2.998104095,-0.995243647,0.289671481,2.021899924,-2.404060818
-56.92844786,-2.259920091,-1.70313076,2.595938971,-6.43235957,-2.953084677,3.84740129,-1.029584466,-1.902259909,-3.234384192,-0.280037719,0.035060193,2.773645582,1.613293706,-0.341221756,0.0304434
-10.97503607,1.559411185,3.954841885,1.81052184,0.341050855,-1.765189247,-0.295766099,-1.96471282,-1.606845481,-0.739488392,0.327431881,0.261663873,-0.549606686,-0.256588808,0.099220214,-1.015310368
-17.57072417,5.027158571,4.823772001,3.216901939,1.419833097,0.222170556,-0.887307508,-1.70012187,-0.759980463,-0.689717233,-0.917283486,1.462014129,0.56746046,0.174015797,-0.248829446,-1.322183523
-39.8719305,7.654646124,7.508084437,3.636311848,-2.712353722,-7.094624725,-2.91927876,1.26045604,-4.296814831,-3.237163883,3.020845219,1.180705766,-0.125823631,2.749344047,1.60404667,-1.012746102
-25.15696775,6.479432647,-2.019047861,4.745232035,-2.648786965,-3.968470697,-0.958517929,-1.468584599,-1.354757018,-0.445632207,0.016126917,0.664249333,0.805547395,0.186805775,-0.328744967,-1.063997266
-13.38898947,5.576315838,1.793903626,2.156711957,0.230376288,-3.162388349,0.437055084,-1.823675539,-1.41418323,-0.732968677,-0.297805317,0.601453094,0.158654562,1.033082655,-0.315962713,-1.053603025
-58.40000383,-2.615658197,-0.715029383,10.2700619,-4.148417202,-1.077036865,-0.092885454,-1.555149809,-2.499987196,0.306382432,0.819452165,-0.290062664,0.304372988,0.985956337,0.435556431,-2.101841941
-30.46210972,8.390976581,2.630970424,7.624162065,-2.400277426,-1.599693,0.38733515,-1.540005339,-2.372216785,-0.977071562,0.034089342,0.592686315,0.472092638,0.121063045,-0.852997856,-0.713361342
-6.467727327,4.930412844,2.15723717,2.515863322,-0.257995834,-1.496119927,0.79947044,-1.699229624,-1.229607519,0.075804788,0.049631622,0.62855022,0.055156361,-0.080198619,-0.430513754,-0.817878899
-191.3729142,-4.153537386,-23.68335923,-19.6015482,-19.61198267,5.340218418,4.476874649,-8.449018912,-18.01416595,7.286475687,3.104436828,1.146934882,3.85650437,3.2780468,6.298508439,-1.27821144
-14.02091943,12.88581114,7.889496619,9.490482292,0.746061276,-0.482497175,-0.767460418,-0.82127158,-2.127981555,-1.258939047,-0.423549746,2.001894985,0.032764165,-0.656826802,-0.965307157,-1.331993958
-10.4191242,3.839066764,2.194706996,1.485153395,1.469805202,-1.593862414,1.221714887,-1.928870666,-1.522307463,-0.164974881,0.219574545,0.327985827,-0.25194106,0.166721254,0.053086534,-1.252649806
-27.43091589,4.171575736,7.516173724,2.867336985,-0.13914522,-6.823625972,-0.316946808,-4.514452896,-4.485860387,0.345168455,-0.37320841,1.068218828,-0.950323669,0.632693836,0.580539746,-1.331432516
-19.46152489,12.4687223,2.766005375,4.251387612,-2.239100271,-7.253602457,0.92569265,-3.084582372,-1.440529468,-2.632863439,-1.114083205,1.190336667,-1.030673205,-0.202722646,-0.3510487,-1.024629595
-3.869377593,3.040078,1.75544976,1.168486911,0.213554445,-0.804298427,0.55681214,-1.142775249,-1.19090966,-0.284947541,0.101453048,0.180526062,0.010254359,-0.025048191,-0.172050408,-1.006726364
-30.41865762,2.064764643,2.245965039,4.567238934,-3.009573153,-4.217330451,0.536305818,-1.582195542,-0.15821427,1.16862332,0.313363012,1.16390455,-0.062967903,-0.20703415,0.37320177,-1.615344916
-5.167162469,3.693162133,2.471391396,1.013618351,-0.209108956,-0.797588353,0.371549523,-1.27528872,-1.537865534,-0.282088653,0.160002754,0.42834098,0.073110906,-0.203115626,-0.159456252,-0.900352402
-17.7363218,10.29316699,6.374328503,8.413649963,0.377631023,-0.189272763,-0.630725989,0.592111787,-1.677222722,-0.549787285,-0.003753543,1.004210519,1.526801036,0.817312748,-1.466263611,-1.298471109
-71.26038549,2.63406783,-5.210778066,-8.015023877,-5.48040681,-3.376811882,2.340551929,-5.579014782,-5.899350951,-2.227177217,-0.974009176,-0.224806472,1.446710934,1.594856988,2.022485572,-1.149944075
-17.38449945,6.780241077,2.086417356,3.930981858,0.85854147,-0.839758463,0.75657314,-0.731086016,-1.438628829,-0.245859302,0.074938723,0.365849144,0.255004361,0.47807578,-0.100969123,-1.047191071
-21.67397302,8.526761566,5.375129087,1.629164813,-0.558963919,-3.385255942,-2.049895243,-4.131047252,-3.284349122,-1.420827835,-0.341013491,1.097527629,0.056357209,1.692239563,-0.845295362,-1.25087809
-34.17417967,8.451308331,-2.213291086,0.730275841,1.868566884,-3.104515253,3.658393143,-3.861971984,-3.452472718,-0.150670167,0.155675761,0.42215758,-0.166513287,0.654438947,0.687863404,-1.371476688
-10.51187984,2.076075452,0.789634937,2.343043994,-1.421219256,-0.367967174,-0.492506432,-1.422745993,-0.942754598,-0.2848866,-0.281430782,0.171927915,0.190778843,-0.524984126,-0.304158142,-0.662771191
-29.74487609,0.925122698,-4.801799202,-3.083249221,-2.910232873,-1.270168704,2.232482241,-2.048751421,-2.098738355,0.702601858,0.007095434,0.572845402,0.276833391,0.62988028,0.701356869,-1.242998774
-5.767416757,8.206967872,5.124591823,3.709893179,2.665813477,-2.275329966,0.935257427,-1.162477005,-1.764771404,-0.986825804,0.262701658,0.414328642,0.026388141,0.39880548,-0.495307901,-1.059277749
-15.83875418,13.13362005,8.911359632,5.68501233,1.719447839,-2.305619724,-1.021840008,-4.66951166,-2.592526779,-0.958541934,-1.73292087,1.887038395,-0.688971751,-0.620031482,0.368525446,-1.605279003
-32.44894969,19.62116412,5.503409957,14.26560481,2.279315942,1.010936547,-0.435167002,-0.960178885,-3.3200467,-5.729357033,0.148499979,2.091288248,0.402322776,-1.682048147,0.975394145,-0.750532068
-10.09033401,2.807976892,1.589713933,0.966674203,0.133485642,-1.293784489,0.88338563,-1.76277162,-1.515282926,-0.243700964,-0.07689097,0.192357215,0.268510725,-0.048332367,-0.020747626,-0.97566872
-9.225785057,6.266868974,3.317225993,2.213006073,1.030356708,-1.218399695,1.349095011,-1.372745281,-1.638753965,-0.841876807,0.281381459,0.662531956,0.06551241,0.44581677,-0.374229061,-1.185203392
-19.46208376,2.741795652,-4.579772068,-0.965363419,-7.35166921,-0.977301886,0.895384595,-2.796165069,-0.773877881,2.485613695,-1.807216932,0.794627525,0.574054611,-0.890279022,0.00628281,0.146350988
-47.44460776,16.62549323,11.66733238,10.2370972,-2.556420154,-2.863170696,-0.051477888,-2.365396931,0.117962966,-0.137128341,-3.995787666,4.317479587,2.699647217,0.745829812,-0.800819562,-1.058927992
-25.54903263,4.637106602,4.047948653,5.101326254,-2.870327637,-2.520982167,-4.265399841,-2.396031771,-4.858018156,1.081876009,0.920997539,1.828220805,-1.329664496,-0.645981984,0.016969325,-0.885063661
-51.11134846,13.40459396,-6.350221147,3.786810179,-7.999936744,0.143907597,5.862296651,-3.148474573,0.030999813,-0.743499928,-0.422409631,1.70891975,2.8390726,-0.655494893,0.002589002,-0.292139953
-21.93125062,15.32866869,8.6423581,7.511239746,2.864147947,-4.903694908,1.131339107,-1.280062869,-3.173141883,-1.864293689,-0.100736191,1.323279237,0.738097837,1.506753274,-0.955403753,-0.511865352
-12.93962386,20.94655945,5.846053958,7.816266381,2.307969325,-2.510329104,4.404592435,-1.664984197,-0.662081237,-0.804005848,0.086040981,1.404045175,0.123042283,0.215290316,0.43703635,-1.607867255
-13.78972932,2.317425456,-0.991350798,-1.490562175,-1.552618745,-2.139500927,0.548021165,-0.258572619,-0.647002203,-1.781269589,0.346851657,-0.578510476,1.491329897,0.664897031,-0.015327362,-0.906608198
-14.7513694,4.791133634,3.143384946,1.136498335,-0.407450754,-1.526507028,0.777814139,-1.58537504,-2.28669259,-0.349329685,0.662591302,0.64916656,0.361875708,0.955808115,0.290289195,-1.449785456
-14.56328184,0.761646447,4.384193722,3.488567476,-0.228152143,-2.798317405,0.597790705,-1.477713058,-1.728767517,-0.22201976,0.128701839,0.2155473,-0.433886431,0.470156523,0.043518584,-1.698547695
-12.46158578,3.771052642,2.952913361,1.591487618,-0.730147606,-0.813840116,-0.224110514,-2.827801011,-2.474741254,-1.274701205,-0.545006012,0.059416771,-0.167086648,0.376416697,0.144642314,-0.93953466
-14.78826585,6.561644304,-2.236452002,6.127911675,-0.714306192,0.133037131,-0.87743584,-0.717670845,-0.383028908,-0.052844041,-0.092823596,0.04952421,0.311529041,-0.50504061,-0.559809063,-0.040516187
-157.8849879,-38.53582387,11.56597118,9.793770489,-1.659898446,4.292580711,2.204405549,-0.797144034,-6.291666956,0.055134859,4.741260506,5.397488574,3.385336071,3.523740996,-1.737876174,-1.518254715
-15.40331806,10.01744971,6.034568098,1.896864936,2.330725442,-5.186934303,0.511221441,-2.819701102,-3.165667022,-2.28676889,-0.035966561,0.204218271,0.183516115,0.898667345,-0.355495268,-1.412182824
-22.731404,12.98360426,4.113991476,1.449997252,0.929837795,-5.055730428,2.032692096,-4.063271819,-2.573917091,-1.102615102,-1.297775679,1.13000542,0.797651274,1.031491638,-0.11970838,-1.044343114
-31.00868042,2.841789524,-1.453112098,-3.720384596,-2.087992492,-2.421185758,2.200323093,-3.806722535,-3.354853272,-0.884874476,-0.215069434,0.236839301,0.438682656,0.565611187,0.889894672,-1.114184466
-6.316577819,3.134536951,2.466427286,1.316975073,0.602443692,-0.931063927,0.759055555,-1.417482998,-1.39628388,-0.282602805,0.111692403,0.232740727,0.037410547,0.016280577,-0.151269009,-1.023509711
-12.16512799,8.704995185,4.099916435,6.090797661,0.894627544,-1.120359694,0.244923092,-2.471058431,-1.928370503,-0.038815601,-0.565225577,1.601085914,-0.435985723,-0.21510775,-0.247018094,-1.181419234
-23.42687868,4.719242317,7.11740606,6.323376455,1.238581091,-6.579158328,2.353200435,1.164349559,-0.416290469,0.832034188,1.02324397,1.422898736,0.805794847,2.296691435,0.718074213,-2.584326238
-29.40696114,11.62658146,1.934859476,3.803426832,0.311208778,-5.452949914,2.348160252,-2.187061073,-2.044470324,-1.229175391,-1.129034517,1.127914734,1.09415749,1.20849984,0.26454952,-1.467892449
-6.289317788,3.436599395,3.540179329,2.181422244,0.572421433,-1.637357719,-0.092961351,-1.614611735,-1.453801248,-0.467603695,-0.119408883,0.509969914,-0.435589071,-0.235871874,0.017735662,-1.177715633
-53.08209872,15.25750976,20.3016944,8.049535454,-4.290861736,-0.70373293,3.526569374,-2.862612469,-2.372669177,-5.380077413,2.826607625,-3.628020089,1.608356616,0.626411243,0.519527787,-1.969530166
-6.831791035,12.92801471,7.055161353,8.789338946,-0.188951181,0.229198622,-1.067447975,0.5577289,-0.601314163,-1.332691642,-0.669499812,1.896868904,0.086465819,-0.28101979,-0.968412596,-2.194973432
-18.20330567,19.63460006,10.45469941,8.838398458,-2.25935578,-4.532949763,-0.285010696,-1.539495457,-0.317961647,0.33454398,1.091607551,3.336744176,0.73294597,3.134813391,-2.573311859,-0.859565887
-9.581076614,2.537893783,0.692315036,0.393733516,-0.437728414,-0.571828943,0.027133944,-1.212150535,-1.484606746,-0.006057993,-0.105365136,-0.014886564,0.142717467,-0.149956981,0.144426667,-0.994845355
-7.472395998,5.294249003,3.139221199,1.553459236,0.813844284,-2.038539705,0.812491021,-1.853401475,-1.635519614,-0.632813357,-0.452302212,0.224954436,-0.008071945,0.255147415,-0.332380349,-1.063683248
-11.51164809,15.5184497,6.823408924,3.347806397,4.778082473,2.307514105,3.379968622,-0.595946957,-1.330404017,0.057177832,0.17396446,0.666142133,0.949765129,1.102313648,0.157084333,-1.133508186
-6.188841847,10.09959457,1.776070522,4.550340128,-0.440847703,-3.053248473,1.661739889,-2.487719274,-0.146840835,-0.850273422,-1.085022031,0.905062502,0.471237809,-0.835419329,0.27223337,-0.313282273
-10.23871048,2.825088543,0.31087945,1.72824006,-0.208403796,-1.568039231,2.024033799,-1.61875427,-0.892576237,0.080353859,-0.800076967,0.211094687,0.501084418,-0.291906036,-0.19229938,-0.778973711
-14.14074259,2.529991369,1.413605403,-1.286320943,-1.801136606,-2.693856168,-0.659860407,-2.805865349,-2.333062725,0.373925223,0.333164095,0.747360293,-0.321162005,0.167170609,0.261040255,-0.915063432
-15.6255076,5.884102947,0.721609434,0.557054742,0.304685091,0.057689147,1.586533929,-0.926013502,-1.062535206,0.296417696,-0.903301012,0.180958002,0.754966518,0.208800404,0.24443526,-0.817704094
-13.36712306,8.000389034,0.838206491,0.492868166,-2.835605168,-1.582571125,-0.226465946,-2.841444687,-1.798182541,-1.337842467,-0.087601218,0.435418495,0.065843859,-0.499193402,-0.007987566,-0.458611159
-8.278034551,4.387840236,1.852919571,0.848754766,0.459333563,-1.297506794,0.689134143,-1.709122575,-1.397435663,-0.18027462,-0.121242511,0.122200812,0.301657079,0.029783482,-0.00339086,-1.085292969
-9.431392791,5.701486475,2.303049164,1.41904259,0.508370819,0.029207595,1.147146947,-1.629045202,-1.977529954,-0.645811775,0.186215261,0.311501255,0.18678514,0.34332155,-0.04386553,-1.073359395
-20.50415963,12.44018468,4.958872575,2.385256712,3.220462401,-0.581212823,2.2261288,-2.913751152,-3.853330914,-1.367765096,0.475549286,0.245652553,-0.059431325,0.649739408,0.216651013,-1.466271416
-9.427549527,2.742091813,4.871452856,1.857013779,0.356461126,0.133703166,-0.203103233,-1.536805836,-1.724598329,-0.581045626,0.124435878,0.244152112,-0.33362284,-0.630489251,0.322822422,-1.090213504
-15.67932274,8.925907394,5.14633029,5.014458295,1.212950039,-2.457495887,0.338052168,-2.622333163,-3.006319949,-1.466007425,-0.425881732,0.770476065,-0.478541989,-0.125444728,0.075593346,-1.288193962
-22.76993722,1.179270178,3.772773361,2.434217801,-1.908100647,-1.512411784,1.16296164,-0.893022845,-1.809695774,0.040239507,0.347071376,1.688641239,0.164267511,0.841575718,-0.899629864,-1.574022725
-7.13933613,5.700992507,1.648272194,2.808311529,0.063356332,-2.059798248,0.602163781,-0.580222577,-1.169222871,-0.957161966,0.214141084,0.590435578,-0.115122747,0.076532352,-0.10072957,-1.20902613
-14.26644096,2.6840104,3.160067463,2.02870151,-0.698825381,-0.558872236,-0.280371303,-1.298627849,-2.325049968,0.15301149,0.517952404,0.671475828,-0.143391575,-0.142127326,-0.231312643,-1.29162856
-23.96656793,2.600444845,1.016377006,-1.451104223,-0.376082684,0.123934664,1.277741523,-2.131142983,-2.403001958,0.033090331,0.339596699,0.365106751,0.66281433,0.218609172,0.570212852,-1.176039766
-9.282230563,5.564190275,2.375976789,3.838745446,1.15814285,-0.906024812,-0.043359272,-1.247505821,-1.952585087,-0.443414145,0.841418608,0.634174801,-0.846993731,-0.47343495,-0.196399681,-1.464521226
-31.95017152,2.37485388,1.592767786,6.452748852,-0.492387221,0.6309045,0.477401286,-1.868698687,-1.75394345,-0.073720753,-0.135648528,1.36436695,0.326290429,0.291373654,-0.460532902,-1.933331497
-15.0004927,6.78042614,1.627944936,9.544550832,-0.956418349,-4.566410998,1.962144156,-1.063879403,0.174738962,-0.257869331,-1.222584334,2.703554438,-1.979126957,-1.385467646,-0.806866081,-1.438817457
-12.7035165,4.1303339,2.364057502,1.80060088,-0.354276285,-1.020005496,0.642234212,-1.717989234,-1.514759921,-0.230620904,-0.497462021,0.240406739,0.000584231,0.085173613,0.052349023,-1.253202007
-65.40370535,-12.56267592,6.045816071,13.06895036,0.56599021,-1.510826993,2.292011366,-1.246506588,-4.628727771,-0.152292365,1.478977474,0.867554395,0.769278062,0.457093317,-0.299321759,-1.216738565
-13.79584216,6.694567364,3.158450878,0.230221959,1.417572813,1.678740229,0.449711521,-2.058786248,-2.679316839,-0.121912937,0.869484969,0.251366251,-0.525736919,-0.171119374,0.922134998,-1.465817273
-21.56898268,8.447705054,5.767464289,0.281656884,-1.056533621,-2.800988173,1.978256464,-4.560821046,-2.754473561,-0.121698151,-0.113683946,2.443032968,-1.421208289,0.548030765,0.496161911,-1.347117894
-11.48097196,7.604486093,5.986235329,6.351096445,-1.155244519,-0.915967726,-1.00580886,-0.046462475,-1.239059992,-0.022344043,-0.966926244,0.953972612,0.400335694,-0.790025022,-0.230015058,-1.519205959
-25.59585774,23.9355586,12.41446128,8.312260863,5.577404692,-2.298932543,2.017053359,-0.113335006,-3.480894036,-0.348675118,0.979716694,1.518863524,0.207642128,2.969830501,0.035140948,-2.293648189
-115.1561322,8.558415759,-5.696109697,-5.876809346,-9.674642215,-2.402628457,1.900264758,-3.294340857,-10.71153442,1.993628413,3.804164773,2.955986984,1.723491113,2.401055124,2.383390265,-1.220774694
-16.58375505,18.31686243,3.000758915,5.175429777,1.213946424,-2.650053703,3.284767705,-2.476015386,-2.227267643,-1.37146773,-0.255008938,1.217149,0.436632578,2.086867808,-0.172595357,-1.375153203
-23.97171374,6.740213881,1.433653583,7.7396043,-2.502714849,-0.18844987,-0.73056669,-0.207169075,-2.629610321,-0.336874137,1.212192177,1.633496578,-0.652208643,-0.419520313,-0.750607651,-1.83239114
-16.19241614,12.44928445,5.350278026,4.680011131,1.30760757,-3.370926471,1.650345622,-3.128024534,-3.509321894,-1.524881468,-0.891638463,0.535784123,-0.072466318,1.155312145,-0.580301608,-1.126807727
-4.111255798,1.735033631,1.668935954,-1.02504578,-1.835082336,-0.015563892,0.742525222,-1.48796736,-1.811355008,-0.874927823,0.460005154,0.691165399,-0.037240299,0.461846814,-0.314175155,-0.90236827
-43.7354766,-2.853862275,3.913135656,0.876367714,-3.899066328,-2.805474785,-3.237656025,-2.844888677,-0.64234972,0.218301276,1.165627573,1.226026259,-0.122431091,1.188723453,1.452583849,-1.045163692
-14.83113708,9.308561507,3.223893463,3.086522401,2.423925187,-1.448695055,2.088489392,-1.967445449,-2.632031313,-0.944867517,0.273111143,0.192530904,0.286687764,0.979817028,-0.297493657,-1.234698585
-29.90906423,-5.717121466,6.471337347,-6.33110192,-3.467574929,-8.581913319,-6.65711036,-7.920317001,-5.894279903,-2.317519018,-2.106921369,-0.457802997,-0.470097811,-0.515381977,0.919121379,-0.032709412
-20.93518765,12.36779233,6.123651013,7.079753297,-2.420314115,-2.113916282,0.605070346,1.767424007,-0.672333979,-0.400268092,0.831585916,1.485368115,0.442008008,0.086897483,-0.523835218,-0.433478692
-2.86145761,2.943643305,2.024285508,1.349850523,0.524957298,-0.860825037,0.516985351,-1.017016522,-0.931026388,-0.197211416,0.044877278,0.164342836,0.028893491,-0.141106987,-0.179908905,-0.984147357
-19.6169822,1.717584881,-0.002561884,-1.626634744,-1.024509677,-0.139096793,2.024290634,-2.113949271,-2.47467875,-0.632452721,1.50937101,0.50939782,-0.049517308,1.604547528,-0.17301988,-1.414868801
-23.44223155,9.304032124,5.200684029,7.510251215,0.209928481,-7.059043033,2.044782071,-3.772214602,-2.445043884,-1.662378172,-0.22252527,1.663628209,-1.299751944,-0.500299846,0.458155184,-1.394695693
-23.98001654,11.73139376,7.678022192,4.880070279,0.603886041,-5.502314608,0.794078438,-0.602648656,-1.650709618,-1.471856691,-0.0309504,0.44576704,1.4468549,0.609286131,-0.497006187,-0.961482326
-21.21018273,15.61705535,6.718439534,4.733239232,-0.468110604,1.182657216,-0.062289348,-0.0238231,-1.920529893,-0.630580681,-1.444644102,1.191684659,1.83041756,2.163052287,-0.879862709,-1.131659362
-10.69589007,4.507071784,2.678195901,3.190290609,0.194873182,-1.947753163,0.299480597,-1.070641486,-0.813458533,-0.232750613,0.102724347,0.479672366,0.101340707,-0.078048804,-0.126311026,-0.958865828
-18.66837568,2.246578087,0.387750177,-1.102201434,-1.886209357,-2.378833823,2.130157144,-2.116705519,-1.586831347,-0.880269541,-0.754539987,0.449097305,1.325047955,0.629600424,-0.251285315,-0.901699409
-3.937352639,3.024493922,2.063342092,1.313658338,0.505249464,-0.953650656,0.571242416,-1.116143462,-1.039801773,-0.221420125,0.053601775,0.185001504,0.028740449,-0.093663166,-0.165391554,-0.99358903
-23.32457188,7.09335036,5.111874278,3.615257165,-2.44553162,-1.30356258,-1.261605453,-4.318476222,-1.583020574,-0.561183545,-2.828400706,1.688388364,1.422062259,-0.792592579,-1.199914072,-1.333445632
-8.87558633,3.669428851,1.164614542,0.788371985,0.388506952,-1.071682899,1.113571622,-1.6518519,-1.547819961,-0.324357692,0.147016041,0.218189935,-0.033948954,0.298229415,0.032534184,-1.091496879
-17.29936068,7.634604732,1.787117361,1.242646532,0.52752112,1.148532949,1.375740011,-1.932670682,-2.153953043,-0.016958864,-0.43287647,0.313520666,0.309712184,0.46318164,0.476365094,-1.059978037
-32.84995585,3.500845867,5.138120235,-0.960164843,-1.117130227,-6.065688711,-0.704990474,-8.76870679,-5.953339015,-1.317058239,-1.156406217,0.807763226,-1.150278627,1.025450241,0.748122813,-1.515264886
-21.9974931,12.63905637,6.822205625,4.679156507,1.97418984,-1.260008857,2.200026109,-1.5241169,-1.157536765,-1.478224756,0.090111334,1.35228479,1.859139309,0.402918315,0.31757119,-0.974412768
-25.23937122,4.761074653,-1.563349174,4.919273951,-3.927820928,-3.909887037,-4.480670781,1.537141373,-1.08634342,-1.266767701,-0.061552302,0.340937486,0.16287928,1.205479972,0.770260201,-1.665532143
-17.23449163,2.917717822,-0.758704665,5.279397975,-0.297381374,-2.560362332,-1.471699077,-0.417721995,-0.546514655,-0.088777822,-0.74531273,0.481930782,-0.703509028,0.551282866,0.375287572,-1.233933007
-25.68840305,8.68160397,5.589548766,7.119442909,0.428980061,-1.472530688,1.015492573,0.555280386,-1.815777182,-2.366874465,1.664667507,0.889960401,0.183125163,-0.133283712,-0.366133876,-0.534796151
-16.41274785,4.320198401,4.2455411,0.915200809,1.155210676,-4.872244967,0.818827728,-2.161956847,-2.573214676,-2.154182181,0.055273145,-0.283962366,-0.001411268,0.272559772,-0.078838361,-1.040242481
-29.83635991,8.785286089,2.227735681,6.311037945,-0.933093697,-4.135441389,0.633384625,-0.455236741,0.496185925,-0.410239763,-1.398754704,0.982709674,1.487572817,-0.241806953,-0.098965996,-0.600843101
-4.379834336,2.994328804,2.061282103,1.752696044,0.410742732,-0.887334213,0.415353364,-0.957829304,-0.964418659,-0.198405326,0.074891974,0.222367123,0.047564797,-0.114089841,-0.192745231,-0.985711089
-67.82131074,8.435974956,-1.633036396,-1.770309587,-1.706103772,0.477848017,5.144699561,-3.759998111,-5.668684274,-0.192707564,-1.050175666,0.107924228,1.864691987,0.589388408,1.449766259,-1.055556675
-25.91807424,5.832538967,2.215005012,3.11550085,-1.523585451,-3.149918662,1.373766904,-3.02037643,-2.947849223,-0.423479778,-0.451433722,1.011107418,0.386067469,0.953720405,-0.253290812,-0.877380729
-19.64928387,7.975960058,5.498354664,6.350389343,-0.661173786,-4.188846385,-0.440420618,-0.833892468,-2.387575528,-0.750593147,0.937110508,0.643103705,0.147890482,0.254074769,0.241377821,-1.30739175
-14.54442475,15.84062142,7.521316673,9.414387233,2.85524108,-5.022353044,0.55416379,-1.48890305,-1.837506181,-2.21504721,-0.977909685,1.2593875,0.199629162,0.937823912,-0.457869688,-1.78094637
-31.10214033,10.57281064,4.372142977,2.961296363,-1.268282014,-0.922221518,-0.33024547,-2.41933603,-3.282202086,0.398945297,-1.079095946,1.126987658,-1.284253627,-0.513390411,1.304442797,-1.623077192
-3.287461688,2.964378474,1.868721022,1.348159469,0.433712396,-0.811720919,0.544606802,-1.014983493,-0.959852428,-0.179729767,0.044456255,0.159884735,0.039252699,-0.120812922,-0.166723646,-0.984306013
-44.48768489,3.722703991,3.424611586,6.869802285,-2.523897822,-0.103991954,0.693784269,-0.878813391,-2.15554975,-0.28195316,-0.272944615,0.854770291,1.810598346,0.466721283,1.344858901,-1.187818353
-33.0159383,4.040660732,1.08978959,0.391749848,-2.416114379,-3.112529093,2.887657577,-0.157298418,-1.383736107,-1.932096069,0.138158774,0.08643538,2.811566982,1.153173315,-0.726739219,-0.28163644
-42.03668571,17.28212102,15.84652981,2.314811543,6.64330225,-8.8139096,0.504012495,-6.969347915,-5.319180344,-4.822391151,-2.69892098,0.476818816,0.667785723,1.624862912,-0.402383549,-1.639209035
-10.60881749,2.909606082,1.153899965,0.502035038,-0.7193457,-1.101552255,0.515846426,-1.382956858,-1.681435785,-0.192850129,0.192176762,0.346568778,0.21145025,0.007655947,0.036858459,-1.000947266
-8.474310344,5.564730939,2.342752292,2.5274092,0.659021993,-2.174712952,0.746995943,-1.582899809,-1.580947484,-0.731858922,-0.333944218,0.385830581,0.078820549,0.611812178,-0.260998925,-1.051429408
-10.48603901,3.445542294,1.432473712,0.634277907,-0.119797633,0.253843056,0.63313729,-1.656905344,-1.615299031,-0.528554627,-0.134224512,0.007203241,-0.113389654,-0.254296204,0.414936979,-1.068083606
-9.435373228,10.31215554,3.89070771,6.811414532,0.466434255,-0.300646135,0.711426038,-1.51703681,-1.62256034,-2.200487067,0.503898548,1.358411407,-0.701030546,-1.710470562,-0.620592099,-0.858240303
-11.38155125,9.282144478,2.739487126,5.647754138,0.06207744,-4.709369154,1.042625109,-1.353667905,0.068609775,-2.315094631,-0.824637306,1.385987316,0.083989997,-0.670898579,0.255141162,-0.986404878
-25.03329957,10.77081514,10.53199538,7.320805119,0.150096388,-7.906569031,0.362642406,-2.814983411,-3.158345397,-1.99779084,-1.433647856,1.865254781,-0.841796571,0.975510191,-0.446648935,-1.031665799
-10.34614248,8.083354126,3.136299982,2.207091452,-0.126820601,-1.544421118,1.660426432,-2.387540115,-2.564017214,0.021729215,0.57019068,0.709215294,-0.239187066,1.15638191,-0.518573664,-1.198895199
-26.48494663,2.99351511,-2.33292894,2.326025015,0.262027501,-2.166471571,2.697014255,-2.462855838,-0.813995494,0.051781764,-1.290533248,0.077384805,0.669661316,0.446797286,-0.004891359,-1.00803224
-20.29717731,11.50125707,4.106382388,6.078683668,2.72844334,-1.142651605,-1.201372565,-0.642611875,-0.776136691,-0.265512569,0.299418198,1.533661954,0.191661495,1.386991856,0.349258751,-1.42224281
-49.57924594,12.11008921,10.4891737,5.774414131,-2.960134777,0.436517333,-2.055921073,-3.170476463,-3.71644929,-2.193675846,1.035666881,2.228677284,0.742235206,2.174058742,-1.587545856,-0.892606521
-35.0443121,-1.724826099,-1.491616043,4.795921118,-2.15719576,1.287214289,-1.987831015,-1.135960407,-0.355596871,0.522657575,0.934413983,0.413670927,0.626273508,0.994912452,-0.077313016,-1.487236255
-14.29785451,5.038253643,2.820961865,2.627092341,0.201141152,-1.40303726,-0.356530116,-0.756846779,-1.684355601,0.074916665,0.302311053,0.638547304,0.00620035,0.461445407,-0.056735962,-1.035060524
-16.74541082,11.45486472,5.145268774,-0.619841738,0.00496423,-3.246441589,-0.281063344,-2.126990229,-2.880255575,0.309819498,0.366764928,1.538598486,-0.370179587,1.574705967,-0.215723045,-1.066296086
-20.01185582,10.30139657,3.451788485,1.771396488,-0.44395008,-3.586535229,0.602049863,-1.144591941,-0.654683518,0.22744736,0.529621635,0.749562147,0.543852612,0.685588414,0.806976106,-0.904119458
-9.304887068,4.658780061,3.614781003,3.034244703,0.8187369,-1.313868386,0.451720718,-1.561429981,-1.629464831,-0.69945335,-0.000906166,0.485550594,-0.060750489,-0.13294209,-0.334076802,-1.110564044
-130.1637456,-4.964492069,5.140852816,18.89844289,-5.525075494,-0.91556117,-3.093025389,-0.289173223,-7.75316105,-3.443855893,4.85372044,2.96342299,0.997357412,4.612885415,-1.43816277,-1.184707999
-22.95160746,6.385678359,2.84448061,3.843453076,-1.853882332,-1.787631197,1.523262778,-1.361657147,-1.044715669,-0.763716827,1.246573042,1.292736721,-0.113781485,1.5531124,-0.514310911,-1.746076406
-15.59258887,5.080113978,4.526199419,5.71906836,0.207917797,-2.197428965,0.092804812,0.326520872,-0.781771114,-1.308602778,0.738724948,1.122398204,0.074439759,-0.176840863,-0.318238818,-0.578710702
-29.1811067,13.178811,3.400065308,10.04957968,0.645629315,-2.20255309,1.155283554,-1.465862896,-1.618492757,-1.653148306,0.324303351,2.518040405,-0.728622283,-0.02882791,-0.120071538,-1.112225371
-14.06619988,7.439264028,3.939870797,5.750618778,0.960677554,-0.920325274,0.398373707,-0.287148647,-1.082060884,-1.303667585,0.676925306,0.740762921,-0.252828495,-0.403781486,-0.529446553,-0.744893459
-3.878579609,3.094113377,2.202497519,1.557545848,0.476815002,-0.837518761,0.473379296,-0.962101588,-0.943102153,-0.18912537,0.041707593,0.227230683,0.056901833,-0.113159381,-0.196179896,-0.995300437
-18.76848923,11.78837351,2.639832645,1.234756063,-0.998815807,-3.463577906,-0.515034034,-1.641617856,-2.538138855,-2.256895699,-0.274731044,0.117049712,1.068263564,0.922873286,-0.114561695,-1.031747096
-15.97591158,11.98692877,4.411184692,5.968435465,-0.508649551,-1.720794054,0.929129246,-1.005691634,-1.75187039,-0.763285912,0.431152182,1.47888402,-0.370628195,-0.258896004,-0.445587397,-0.566694485
-28.71068308,15.30665565,3.921928039,4.742750808,-0.185415793,-4.690759854,-0.530977325,-3.210976264,-3.225061082,-1.219313747,-0.699416902,2.243965772,-0.77523163,-0.51066035,1.276909509,-1.372920833
-66.5371845,6.899728105,-2.819703234,0.135348672,-6.751092786,-0.581490734,1.81008877,-4.226543743,-5.412088893,-0.181233794,-0.777714241,1.569411785,1.053309965,0.008872126,1.664862133,-1.42764477
-10.76417932,2.019734739,1.410068859,1.655442134,0.072374069,-2.752242596,0.553222616,-1.712363188,-1.454309509,0.27663909,0.144679419,0.503573118,-0.573565471,0.171781005,0.111347155,-1.345123771
-4.200774435,3.790342197,1.805553206,0.119710814,-0.680467153,-0.512669801,0.311214568,-1.101278581,-1.544659564,-0.554555439,0.196157404,0.265277843,0.252721304,0.230518821,-0.235722344,-1.018914755
-7.560842174,7.99862156,3.085423986,3.013442597,-1.294692544,-1.298561567,-1.133666031,-1.138475018,-1.082691905,-0.169785282,0.344012159,0.777825262,-0.352648854,-0.402802059,0.514047817,-0.127450282
-6.876635105,6.193791066,2.8011099,2.316779825,1.008022599,-1.54316266,0.525958484,-0.72912452,-0.973530927,-0.642003767,-0.219299864,0.138981096,0.516906621,0.236117991,-0.303674046,-1.074425128
-11.58880898,6.206482554,3.885885949,0.202135615,-0.055813875,-2.481470288,0.243767785,-2.253345035,-1.329866186,-0.061602929,-1.435549996,0.33044461,0.562687068,0.024730333,0.073092898,-0.943486821
-25.29847659,7.454925706,3.768245238,8.405710386,-2.231995596,1.774725602,2.540958099,-0.517617727,-1.715452957,-1.656659527,1.47744785,0.996259315,-0.103794329,-0.415408418,-0.129725795,-2.253421289
-18.10497502,9.59909052,11.88365132,1.766008731,-0.749346337,-8.241747084,-3.414174239,-6.219077502,-4.578228405,-3.602756996,-0.995066975,1.224729476,-0.631687316,0.539472762,-0.579396568,-1.304259618
-21.50879794,25.96897432,10.16833495,11.70559262,8.445539788,-2.195238168,5.679525982,-2.717164957,-2.663145055,-2.278332513,-0.982435296,0.626345151,0.131187989,0.265833163,-1.929671889,-3.503765795
-9.453194762,3.006292142,0.356449922,0.399615206,-0.474266409,-1.256945382,1.064690843,-1.026563722,-0.831808183,-0.401981114,-0.114186865,-0.06034874,0.746436666,0.029623146,-0.046736213,-0.940424378
-27.76908144,10.91375133,0.587632174,4.11121603,-0.696600774,-3.602747742,1.288239661,-3.707951446,-1.784709777,0.813414972,-1.502093052,0.676320233,1.58807751,0.788889912,-0.545016481,-1.079702823
-20.41284779,6.694739401,4.000755854,0.753916311,0.11015269,0.373912073,-1.954800747,-1.985369107,-3.816851949,-0.548939508,0.072847361,0.058146953,-0.606370233,-0.930885396,1.115708856,-1.048949887
-26.73592218,-4.256153254,6.325314332,-3.342482629,-5.180770009,0.647943369,-3.682271753,-2.672770483,-2.992179649,-2.081898027,-0.297126647,0.185067432,0.487851428,1.028042446,0.439395161,0.038361364
-12.3615433,5.153057123,4.652875688,2.637622388,2.284440327,-3.389581724,0.796737566,-1.941593948,-1.92515115,-1.153228839,-0.01072165,0.308703659,0.020141304,0.632891224,-0.42526383,-1.024075082
-11.09368082,3.651563873,3.830924729,1.884005533,0.092231726,-0.553595774,-0.113504537,-0.982953846,-1.051741604,-0.09103137,-0.009220242,0.706276092,-0.000741398,-0.180142176,0.232294067,-1.106842563
-19.22462248,7.063367189,-0.968805761,0.67932956,-0.599091442,-1.681634543,1.88986325,-1.731697818,-2.023026087,-0.252529452,-0.529978182,0.226915882,0.932478731,2.130987014,-0.542409353,-0.996962921
-2.25454852,2.940462555,2.002204903,1.37690272,0.522181489,-0.82670031,0.490873332,-0.961134352,-0.870041781,-0.183190765,0.042698993,0.162983218,0.019816834,-0.164244355,-0.187611816,-0.979286772
-15.08058177,5.227164543,0.434439054,0.328627503,-0.738466066,-1.593484035,0.689664171,-2.323545794,-2.842379965,-1.182451064,0.042665978,0.135287355,0.19771368,0.940322844,-0.18968642,-0.987941208
-62.55591586,6.790363632,2.438840026,14.44358965,-3.488825138,-2.73339302,-2.342452104,-1.27819095,-3.809746376,-1.809715165,0.304053874,1.342609565,-0.053140279,0.459818222,-0.091011418,-1.474105289
-9.558564849,4.374879318,2.112961833,0.746615579,0.558748628,-0.22547225,0.06065276,-0.859469367,-1.786783225,-0.055959841,0.19423259,0.040753951,0.082592066,-0.023656642,0.126246784,-1.004618916
-32.53969437,12.60606671,12.58928606,3.286325243,2.159654232,-4.125239593,1.112587546,-5.530388796,-3.885306059,-1.187140994,-0.752048435,2.442307032,0.475284049,0.613753231,0.024176635,-1.640305081
-31.6274911,6.132515998,3.183729157,-3.65715752,-1.636053257,-5.195374498,0.636399879,-6.072479575,-5.008007495,-1.81737471,-0.376457335,0.310241439,0.329703393,0.641870035,0.897844943,-1.084502807
-36.16785856,24.62281206,8.832308247,12.17687016,5.559060019,-5.051128961,3.528609214,-4.886725529,-2.407036468,-4.11072974,-0.264569837,3.300704542,0.086819711,-0.20213509,1.557458173,-1.253825055
-36.04572049,5.293377338,8.133879462,4.141815218,-4.894748025,3.703479583,-0.48700803,-1.716467186,-2.060359767,-2.253632173,-0.633898648,0.558151993,2.779365866,0.707098478,-1.010512528,-1.171478318
-30.78920742,0.737378408,1.778464726,-3.276389521,-0.658051408,-2.617360957,0.576309057,-3.769064542,-3.689247132,-0.949608578,0.788406421,0.176035356,0.394281556,0.702726602,0.571644845,-1.313149433
-13.81832956,6.732506969,4.23399156,1.046203803,-0.189388677,-5.651371258,0.182644171,-5.012612842,-3.133959686,-1.877975128,-1.079182314,0.263695464,-0.481531504,0.008443276,-0.271491548,-0.584435104
-22.14055339,13.14236375,11.69108198,4.41597378,4.420882472,-2.694930918,2.685620168,-3.986579648,-4.056524678,-1.290712733,0.465441516,0.869386035,-0.44510025,1.155661607,-0.269122899,-1.623447675
-19.25042356,6.924949731,4.094072771,3.175477291,-0.703602766,-1.624744203,-0.252343102,-1.076635902,-0.966686185,0.201844879,-1.431045679,0.570662536,1.74661794,0.26891237,-0.511751007,-1.22509552
-18.34711117,2.949870325,-0.873072082,-0.807008612,-0.650054164,-1.476368947,1.052603757,-1.50476803,-1.649123589,-0.557004165,-0.286712285,-0.080791591,0.419996331,0.426448378,0.246800623,-1.008766088
-32.15123303,9.046461301,1.722998533,0.530971357,-3.159933776,-4.407633266,3.115225138,-0.407680944,0.452498029,0.918412899,-1.069780375,1.158152194,3.123394835,1.372587772,0.527848681,-1.732998101
-17.23875562,10.78380092,7.043268836,3.430107833,3.722822519,-1.016386133,1.419089397,-2.493679513,-2.560975825,-1.594050806,-0.318904945,0.332389649,0.490190565,0.260815062,0.200189934,-1.306916339
-19.04499399,16.55306095,8.012008615,9.955777661,4.461491244,-4.272221372,2.763709539,-2.531985313,-3.084287872,-2.122587443,0.885711431,1.815573799,-1.167987273,-0.271131282,0.430784773,-1.96937558
-14.14107031,1.456006722,-1.831409162,-1.775473526,-2.072417597,-1.716799886,1.66496172,-1.155447494,-0.931627984,-0.072744921,-0.404641516,0.03633028,1.152314994,0.053532543,0.057967042,-0.828833612
-12.92951819,5.490526048,2.891665299,1.423939951,1.683784937,-1.737916842,2.340211647,-1.981819993,-1.676277705,-0.588199885,0.022965852,0.370359113,0.35450176,0.598852266,-0.278541433,-1.109548432
-53.12395835,30.76012522,23.34352413,26.89197992,-1.775499206,-5.348960822,-5.405188307,-0.485414596,-4.921018522,-3.590738839,-1.060597642,7.74463359,-0.489234206,1.055306581,-0.780864905,-2.387352039
-6.643126735,3.720585463,1.984830661,1.471332828,-0.581870039,-1.219417848,0.110454121,-1.042721703,-1.451218166,-0.180856749,0.00890957,0.42160458,-0.026194686,-0.228118124,-0.086967508,-0.988964074
-17.11440369,-0.547195594,10.24592222,-2.233581867,-2.220601769,-5.438498464,-2.902880301,-2.178079289,-1.176545202,0.874620326,-1.05187454,0.977521911,0.541206449,-0.091740831,1.55432938,-3.092824517
-214.3255281,-7.083497751,-3.595945643,25.8329621,-17.62566701,-5.146875917,-6.024102938,-2.873946046,-8.517681091,-1.1913483,5.47854795,5.136316573,-1.877456261,3.733498057,2.923920027,-1.520588082
-29.69394212,4.922031986,-2.489343294,0.033342495,-4.729780198,-1.831516875,1.269419807,-0.179316308,-1.020043783,-1.187564324,-0.728081913,0.10220501,2.65610452,0.727219824,-0.122482097,-0.849602399
-20.66482583,1.552375827,-1.452813469,2.376554594,-0.659599357,-1.546503064,1.521547243,-1.982333957,-1.393918837,0.299010049,-0.74662139,-0.101874178,0.464873023,-0.076997121,0.067732531,-0.998448087
-71.66272067,9.872544637,-7.877248825,-8.3360187,-5.030904405,-0.263555508,5.835900688,-4.161831188,-6.046708417,-2.339158414,1.049457953,-0.054539271,3.356187474,3.479962832,1.49051873,-1.490520713
-16.35790686,8.649099202,3.794853959,1.1721976,2.811493561,-2.34710093,2.711269972,-2.073338079,-1.186146134,0.236837749,-0.600230247,0.709235637,0.43016099,0.383370342,-0.060637596,-1.340035303
-19.64611715,12.55420368,8.509675627,8.939855017,2.631100534,-0.795275816,1.96307666,-0.184820894,-2.42818016,-1.779890625,1.505066417,1.230992506,0.48986017,0.446236203,-1.134690736,-1.36398163
-38.9354018,0.974631008,5.940864348,4.796740032,-1.992214657,-7.640501551,-3.585598673,-1.072743209,-1.093865635,1.622566465,-2.119882334,1.302413218,-0.113495189,1.133227302,0.333474016,-1.979765179
-10.74484163,3.98837811,2.335350681,1.924281931,0.915374069,-1.387075978,0.528612624,-1.851031478,-1.979147985,-0.231466277,0.525375877,0.543443428,-0.56295859,0.233312649,0.035496752,-1.282359619
-6.512241004,6.408546432,3.677468019,5.182998526,1.060409239,-1.864416484,0.307485183,-1.408305746,-1.308447202,-0.848482318,0.485924484,1.267499357,-1.149362916,-1.136044325,-0.575430987,-1.377805579
-18.21839864,9.842375904,5.47210086,5.618327919,3.499969929,-4.663011239,1.908513063,-0.575532545,-0.794965092,0.113453599,-0.785165654,1.553030325,0.085320475,0.796381469,0.803358308,-1.722284203
-13.40962544,7.574790412,3.173640505,2.297439651,-0.226396374,-3.37728594,0.746699998,-2.138736515,-1.9190547,-1.28482459,-0.335375461,0.766593377,0.454621495,1.799066097,-1.224010007,-0.337410048
-11.112415,7.009265797,2.894865801,2.531796169,-1.381113342,-0.551126097,-0.615330431,-1.461892151,-2.67265616,-1.832190373,0.949573943,0.379408519,-0.765926288,0.08095233,0.034295342,-1.720306218
-24.51816653,1.84138664,-0.381461928,2.512768946,-2.467848288,-4.3895032,-2.593153847,-1.623127804,-1.966569682,-1.117503431,-0.43297323,-0.156262545,1.238423589,-0.084102931,0.2224943,-1.252715764
-21.35416002,6.88637032,0.779574017,0.225255067,-0.334813588,-2.27763274,1.913858282,-3.697312629,-3.562606797,-0.903277347,-0.06921242,0.694935699,0.20674454,2.02887358,-0.035709402,-1.088941073
-3.666031036,2.987053327,2.075738378,1.786298252,0.108017699,-1.44844177,0.477531329,-1.124095331,-1.136218311,-0.183944938,0.189727075,0.246289359,-0.201524069,-0.169413625,-0.202255698,-1.050692261
-12.92909572,8.123320044,6.10420614,4.671345879,2.621780579,-1.584067794,-1.271133173,-0.892290797,-1.831915579,-0.706681883,-0.543338548,0.350776519,0.621088594,0.791088986,-0.499184397,-1.144794887
-11.87073389,10.02922591,9.085931643,3.321467757,2.309775516,-2.500376273,-1.710019248,-0.757575989,-0.740222909,-0.438850881,-0.0415508,0.85954168,0.695508116,0.404736827,-0.573465441,-1.033230871
-21.25566844,11.58730285,2.243863732,3.15617418,2.049860276,-2.947325531,4.764960988,-1.343588003,-1.471771341,-1.104747254,-1.043411193,0.052489696,1.572722414,1.464222208,-0.513879715,-1.000330979
-13.20159577,2.777606858,-0.819909628,-1.391186941,-1.006407027,-0.813040154,0.434115282,-1.187319779,-1.842261922,-0.85368579,1.082220958,-0.132261478,0.302802486,0.607184272,0.295132905,-1.275137795
-9.367428569,4.149280875,2.843481992,2.198107771,0.157247002,-1.480556192,0.575589145,-1.769635125,-1.553879099,-0.448301377,-0.083931073,0.445932918,-0.038115472,-0.115224503,-0.037860877,-0.989024777
-16.65061237,11.46426238,5.548130079,4.211946661,2.666614312,-4.540939673,1.403354435,-1.725172657,-1.582629782,-0.908863008,-0.713902162,1.054047355,-0.188562319,-0.026378313,0.592153871,-0.996022604
-13.18629845,5.889666332,3.404430465,5.129034287,-0.414502137,-0.119468209,-0.5645243,-0.599101529,-1.487563339,-0.28656248,0.093009362,1.18332416,0.186752701,0.113332919,-0.496543019,-1.094588271
-15.91538693,4.740046931,0.121718418,0.85200345,-0.623680898,-1.399287104,0.360309001,-2.136974802,-2.451669963,-0.391894617,-0.207221474,0.095253576,0.095558697,0.559802833,-0.102904723,-0.854949577
-5.661424049,4.240566644,3.04698828,2.673594563,0.717876066,-1.096043032,0.424454161,-0.513637276,-1.201989986,-0.529937585,0.249980786,0.31370263,0.107670697,0.230714482,-0.522939823,-0.855978034
-4.949825922,2.995145722,2.265666183,1.611527857,0.452868588,-1.302246965,0.444516353,-1.194858372,-1.123695617,-0.324570972,-0.030866121,0.204495436,-0.021293521,-0.131646675,-0.176287023,-0.97464686
-30.69075208,-0.202079523,5.368555965,2.828710283,-2.115732072,0.081498644,-0.20567179,0.137688819,-1.152991014,0.077912825,1.110189999,0.850396662,1.624523287,1.147477541,-0.534543708,-1.328088027
-14.22894654,14.88856082,7.563285487,9.448610281,0.616387914,-2.895173559,-2.51417325,-2.518367495,-2.887970185,-2.900584991,-2.011349199,2.219496574,-1.421127552,0.025688218,-1.572600521,-1.718600974
-29.47381651,11.94343028,8.733895822,4.244698277,1.467649978,-3.45425833,1.598790321,-0.830207466,-0.751014495,-1.165949613,1.280585656,0.879242502,1.263945942,0.339708249,0.092592833,-0.745022386
-10.49613389,2.048647039,2.434045897,1.065746818,-0.369448389,-3.297173068,-0.713279695,-2.905958619,-2.011062318,-1.224700185,-0.32137447,0.245977399,-0.926842045,-0.417251761,0.176336292,-1.06040276
-25.65648407,9.165948041,4.978640727,2.955146873,-0.128475193,-2.146715593,1.692918719,-3.701728369,-3.639402771,-1.075778044,-0.023696109,1.808086349,0.063734147,0.914364226,-0.048734145,-1.260288587
-14.82237147,8.975026342,4.845895347,3.103734047,3.724668699,-0.678819641,1.26246582,-2.70842246,-2.801064766,-0.349754712,0.761928293,0.736619556,-0.981941927,-0.181365645,0.425991866,-1.696931076
-47.90129256,-1.976448919,-1.389033347,3.360446962,-4.803659081,0.121570112,-0.564112427,-1.658487264,-2.721579186,-1.014735046,-0.301969249,0.453230442,1.257849812,0.519835942,0.599962096,-0.990566992
-9.901182373,3.755480885,1.216270627,1.589316571,0.207485949,-0.920685445,0.082566283,-1.579973817,-1.62060685,0.072879285,-0.057906144,0.262438061,0.235251097,0.114014775,-0.090818425,-0.945031958
-7.488540253,7.034871807,3.187812373,1.624686436,-0.20905684,-1.707131907,0.356690043,-1.619413552,-1.21119,-1.243127209,-0.257970842,0.760005745,0.163701159,-0.295475955,-0.178566575,-0.93197342
-28.80628091,3.769549099,-0.139327098,5.546553543,-0.858186935,-0.490240027,0.088511758,-2.003098093,-1.35838443,0.500674697,0.197508218,0.888159027,0.283005411,-0.053870292,0.446006799,-1.489126374
-31.30215596,2.088177409,-2.499542656,1.586548407,-1.309593457,-2.050879077,2.753413919,-3.89732083,-2.582425214,1.155390087,-0.239234223,0.830150236,0.818502987,0.236923547,0.27895367,-0.88015518
-17.94664062,7.913831876,6.584910211,1.694433826,3.087991898,-3.265249369,1.28513771,-3.05335452,-3.160288381,-1.12569254,-0.539645612,0.257886655,0.010117779,-0.050020157,0.064926994,-0.821831805
-4.113524414,3.432054841,2.146162189,1.606188476,0.457641207,-0.989029933,0.5332134,-1.131112935,-1.023272876,-0.229180872,0.004964603,0.255346635,0.032502474,-0.118320725,-0.179423895,-0.987537161
-11.28194008,0.016560488,5.647248628,0.392788146,-0.902787778,-4.038904193,-1.643339725,-2.816613553,-1.636235218,-0.338727976,-0.632750672,0.363560504,-0.024717666,0.068979301,-0.325065715,-0.551325878
-9.752073042,4.232599532,3.045093489,2.370146643,0.387634544,-0.403182483,0.251493037,-0.622962569,-0.997912559,-0.352839217,-0.093927481,0.286543396,0.282617893,-0.197219373,-0.043468397,-0.796705414
-7.27983977,3.841912783,1.302253765,1.310551869,0.33114712,-0.951497671,0.707028435,-1.362041397,-1.393357639,-0.162117506,-0.021364757,0.183997471,0.062682045,0.270178619,-0.133324966,-1.032755723
-8.83643819,2.733861862,2.889293821,0.033182691,0.734520032,-1.354787822,0.403989692,-2.059805513,-1.641633961,-0.365611024,-0.025690213,0.131856198,0.124049385,0.205012852,-0.000740347,-1.063593123
-54.97455182,23.57821044,10.54221365,10.94093717,-0.167115903,-7.035231839,2.199081765,-1.921940282,-2.67514758,-1.87505716,0.47981245,0.735148361,2.742591457,0.879377381,-0.496943063,-1.81253767
-39.85524763,-0.746479821,-5.755383091,-2.086130306,-4.09692691,-1.170944219,-0.572257146,-2.344917732,-3.399617289,0.832999222,0.890841545,0.349193625,0.797001752,0.283199419,0.694991655,-1.07881204
-33.52801912,9.010964877,6.696822542,6.884987415,-1.531471697,-2.82244899,1.31060269,-0.119320536,-0.284533117,-0.553518793,-0.007468299,0.467082058,2.920808966,0.894134895,-0.202758092,-3.174639007
-9.485902095,8.271093939,2.207455344,4.21665122,1.738133888,-1.830644312,2.213380794,-1.384920353,-0.780903337,-0.319506434,-0.239040266,0.850478962,-0.034082674,-0.014206001,0.08251897,-1.067913461
-34.52286705,18.74601189,15.95704634,7.800835721,4.186937046,-2.816222424,-2.491729757,-0.854603046,-2.059443238,-1.49718265,0.549433078,1.939629054,2.680420419,3.968257618,-0.743630249,-3.061036935
-15.31996279,0.760269862,4.923719168,2.687449436,-0.918407746,-1.057290753,-0.570521841,-1.712031815,-2.213816245,-1.593732896,1.980165839,0.572145578,-1.03389416,-0.204032845,-0.229308514,-0.889006899
-30.35309353,8.142478411,-0.171111978,6.005017487,-1.786388992,-1.266464791,-1.459550157,-1.134200211,-1.666443973,-0.212499961,0.631437627,0.41965739,-0.648754771,0.207891229,0.787315834,-0.882388599
-7.729997471,11.01717857,4.255828031,4.049944442,2.242935487,-1.811565594,2.209375696,-1.896949948,-1.569470217,-0.943111466,0.040624314,0.637739381,0.324270327,0.582205153,-0.490541486,-0.945284586
-2.658453866,2.919510427,1.950750351,1.3696524,0.48946491,-0.837523869,0.505217629,-0.982536794,-0.903577872,-0.18391574,0.038096565,0.162609454,0.026082056,-0.149766971,-0.181446614,-0.98047919
-12.41447507,6.417130718,4.110399981,2.978461694,1.062737332,-2.607689772,1.254211592,-1.815477136,-2.434400797,-1.159077775,0.294848284,0.225619904,0.100452546,0.48122846,-0.268394362,-1.181645919
-25.08444333,10.54715765,8.201935558,6.669096291,3.290815561,-2.966762875,0.404680257,1.381783935,-1.421151996,-0.729075431,0.405137299,0.746947151,0.946645998,0.678454061,0.087298544,-1.078223019
-5.63301327,3.42651716,2.305051668,1.489869056,0.174180944,-1.26280295,0.469486896,-1.289146303,-1.110772905,-0.206704239,-0.103393529,0.321657426,0.027751621,-0.175411132,-0.136254619,-0.936996896
-19.70246286,18.15349261,4.329982929,10.40969866,3.186390707,-1.025003809,1.811937564,-1.677478457,-0.821939299,-2.6195781,-0.07210069,1.873855449,0.655225457,-0.467189192,0.292221776,-0.536644213
-18.14613019,13.75332218,5.484375074,5.469338167,0.283169143,-4.441285769,0.532457277,-1.451882002,-1.422022907,-1.301930259,0.644349158,1.681427786,-0.187817636,0.821063196,-0.67349484,-0.410684639
-3.193436922,3.125518315,1.988281257,1.574430154,0.485913132,-0.788135154,0.52876281,-0.950281195,-0.900773273,-0.238293657,0.100678211,0.204708922,0.028445654,-0.14370076,-0.182022622,-0.975619703
-22.87313056,8.087194434,2.873602653,3.043765154,-1.894115903,-3.022969447,-0.273303754,-0.854035222,-0.026417464,1.13357686,0.41332278,1.099656805,0.432756541,-0.16203954,0.0768693,-0.216980495
-40.05758645,-1.046056286,3.820639003,6.579833706,-3.713769269,1.037795277,-2.593043956,-2.19387215,-1.552267458,-2.828268462,-0.13794451,-0.019678025,0.033254032,-0.584517082,0.250159952,-1.040090686
-8.818393466,5.761259991,1.213971101,1.792377309,1.0981038,-0.819886122,1.259380155,-1.33833133,-1.59651298,-0.22128925,0.249343837,0.170167169,0.075838838,0.932154543,-0.214218896,-1.189659094
-30.88436127,7.765665173,-0.531661923,9.5262303,-1.403852379,-6.876410662,2.148400687,-3.181784286,-1.211330638,0.165141001,0.519907541,1.248380893,-0.721406466,-1.167339238,0.393285267,-0.90947643
-32.67202648,9.215504061,4.220435193,8.405780268,1.218660325,-2.172780667,1.168571642,-0.632131096,-2.169905114,-1.617682203,0.485802413,0.348012978,1.232730005,1.076773319,-0.475712089,-1.173215686
-25.35797956,18.91185189,10.50353187,9.493275156,6.264286842,-6.492531196,1.548085829,-3.068437907,-2.559241802,-1.449763145,-1.547215167,1.921524869,0.274221144,0.853261151,0.489314489,-1.558004882
-5.631653307,5.674788234,5.321304642,2.415515598,-0.027062371,-1.993682743,-1.01020945,-2.470868587,-1.921809078,-1.311762774,-0.277524449,0.948895363,-0.581004599,-0.247587365,-0.248528612,-1.198736041
-23.83160454,2.658714528,-1.20774064,2.122121717,-1.631052152,-1.358812542,2.417500289,-2.511982676,-2.160969797,0.305411095,-0.712443089,0.030445733,0.360987255,0.207276404,0.016336801,-0.823626723
-11.32028557,3.707565732,0.558818516,0.537114315,-0.249277793,-1.143822015,0.931211645,-1.377476103,-1.616436994,-0.578593857,0.017986935,0.033929088,0.266029125,0.670289351,-0.109539599,-1.014089068
-17.68771839,4.446994769,0.095414402,0.703583303,-0.929723699,-2.355227087,1.982779305,-3.18508489,-2.976486819,-1.172058871,-0.34748889,0.072099657,-0.100601077,0.749229797,0.013063934,-1.023931555
-18.66730687,3.921484984,4.135217224,2.740289252,-3.374320781,-0.330492095,-2.156872459,-3.050728373,-2.823915661,-1.105017914,-0.131801868,1.842645732,-1.265724839,-1.006694303,0.000641372,-1.367648241
-19.50403635,5.211426077,-0.079450406,5.652284431,0.27425474,-2.266499617,-0.022315721,0.099447909,-1.217123506,-0.104090633,0.170487369,0.544315312,-0.029322359,0.751583073,0.03146521,-0.83917413
-25.4850289,9.922625212,-1.039901696,0.615770174,-1.721338495,-0.104654732,3.674931886,-2.118450619,-2.369996527,-0.83991559,-1.556449394,-0.179373416,1.208890976,1.564394505,0.297132865,-0.716489014
-15.75354877,5.206794657,1.63487396,1.408974556,0.539331893,-2.105951072,0.663030853,-2.346287169,-2.357606711,-0.549930649,0.000765097,0.176207189,0.197740061,0.279651945,-0.119338328,-1.151262945
-4.088254658,2.956518053,1.597939546,1.23138239,0.28231185,-0.887635303,0.699541295,-0.992991305,-0.938395417,-0.193179859,0.094218928,0.110102184,0.163412358,-0.078282735,-0.144095869,-0.993092297
-51.7546246,0.968978716,6.093559718,6.448930141,-5.677665469,3.318746836,-3.965898713,0.610357912,-0.687128706,-2.567075783,2.332965177,1.50954254,3.563081511,1.50584668,-0.516426367,-1.606874568
-111.9096435,-4.011620517,-26.19838267,-23.2302857,-15.38053832,-4.859408501,10.38665407,-8.305866978,-7.11712082,-3.169709507,1.642885291,-0.239924601,3.034809309,5.426104528,4.030086445,-2.104205447
-13.89832322,7.432217283,5.477767305,6.296523463,0.642808959,-2.563858995,-0.533773616,-3.41637438,-2.96786254,-1.206941827,-0.202112689,1.368607377,-1.279931768,-0.637457676,-0.576388569,-1.169919221
-32.44323871,16.93888277,2.82443188,12.00129686,-1.101735159,-4.512250491,3.806791753,-3.820944107,-2.289747351,-1.294967402,-0.872085673,2.468445617,-0.369654674,-0.345391302,-0.847899172,-0.801899956
-6.843561719,4.31319522,2.988117619,1.42335879,0.177975909,-0.694609461,-0.523544889,-1.39089649,-1.172797481,-0.331491592,-0.564134625,0.21153924,0.265134575,-0.123487662,-0.13224887,-0.976026179
-14.33318615,9.079064861,2.889551912,5.05976739,1.572197219,-0.576847195,0.53407526,0.156522767,-0.912387681,-0.586344007,0.590256361,0.99435109,0.867870827,0.852225639,-0.382541726,-0.821024668
-8.828835862,18.97651714,9.375207307,6.66168263,5.204275059,-0.529382912,1.84379856,-0.367487249,-2.50206376,-1.866833498,-0.194488823,0.017484098,0.935242353,1.462831208,-1.220047981,-2.668819404
-21.72168322,8.90650028,4.47541987,5.766469358,0.910616038,-1.715194247,2.073988632,-2.21264516,-2.792627616,0.218028709,0.022624957,1.273009006,0.141237069,1.261984241,-0.274610368,-1.210608393
-16.49112735,4.692841087,5.726099683,1.980417714,-1.297479954,-1.179116273,-0.727971527,-1.258999644,-2.256660773,0.013143227,-0.54007531,0.797243903,0.655369695,0.277190362,0.198736653,-1.61880231
-12.73757341,8.582329343,4.105974452,4.088891327,1.643678066,-2.083013661,2.085343929,-1.425145789,-1.336498228,-0.777168359,-0.194593702,0.835762056,0.376511161,-0.187529714,-0.352747073,-1.102620929
-21.2124649,19.80424497,8.022372218,8.711632487,6.291056428,-4.853831186,2.887697087,-2.25486497,-2.784579674,-2.272811431,-0.677274469,1.578444013,0.039478129,1.877502007,-0.615525261,-1.643283605
-8.299780612,5.057510582,3.308165777,3.258781002,0.023877968,0.315750212,-0.580616513,-0.491149052,-1.49939572,-0.922897273,0.213553049,0.315330092,0.177237875,0.009902997,-0.516474513,-0.682991355
-13.42398017,4.213096376,1.465310221,0.779507487,0.275206053,-2.615334479,2.191006935,-1.169582764,-0.430455911,0.158863789,-0.777247569,0.242983829,1.001841166,0.164794354,0.200881364,-0.928855729
-20.20067505,9.887227323,2.795279494,3.517131868,0.751071978,-2.430395241,-0.334686132,-2.724262516,-2.603582008,-2.152114114,-1.512811282,0.563124861,0.514501358,0.273795793,-0.261079699,-1.159303361
-17.72629491,10.22120552,3.619042578,0.519851684,1.372323788,-3.325340045,2.043939038,-3.341775321,-3.061203651,-0.856105041,0.393359578,0.675523878,-0.165942028,1.177159036,0.124685007,-1.470288058
-52.00837721,7.796255103,7.52171174,9.130740735,2.314469473,-5.728472348,3.147430414,-5.023752328,-3.919774211,-1.729029161,0.251572031,2.657887898,0.840029882,0.981476796,-0.977132924,-1.058566148
-2.256137602,2.940259499,2.001778318,1.376942592,0.521952931,-0.826569142,0.490631626,-0.961097854,-0.870298207,-0.183291523,0.042850291,0.163033867,0.01969856,-0.164067146,-0.18737672,-0.979210756
-27.84176635,10.6913381,2.875824157,4.681132008,2.266983869,-2.135086927,3.189618399,-2.783964394,-2.973911248,0.111848996,-2.19912554,0.727828244,0.403889509,0.194464046,-0.38435861,-0.977219656
-13.334967,8.890636757,1.941087232,1.472679849,2.167244557,-0.347697864,2.752104516,-0.927449796,-0.655840372,-0.13564551,-0.708407244,0.305510398,0.936397208,1.29687615,-0.32869405,-0.969517215
-6.445734497,17.53531942,7.709587291,6.298346372,0.48818693,-4.088420157,-0.00462262,-1.648226829,-0.636111378,-1.62651744,-1.64372331,1.761969318,0.095519724,-0.216173426,-0.813891667,-1.753996229
-23.83416554,13.67973775,10.07161575,4.697082827,0.452316981,-2.333416631,-1.12692191,-1.425293528,-3.576233534,-2.052836564,-0.085866533,1.026510618,1.186168625,1.455704425,-0.119609147,-1.657553012
-26.30489857,-2.997258157,7.449623696,-0.507765444,-2.558942684,2.521689063,-2.921834529,-3.27752022,-1.88723297,-1.653675599,-0.69323566,0.524184281,0.881299633,0.511849781,-0.801392116,-0.97495897
-43.48038224,4.638273982,1.703371094,1.573587317,0.329142034,-0.037651536,2.758425216,-0.589428421,0.149270322,1.338487046,-1.540365406,0.550123964,1.593221271,0.257843181,1.398467438,-0.977578649
-49.96248416,16.05082246,9.345761881,5.945636895,2.269010386,-12.23101921,1.919125007,-3.732384398,-4.852061618,-6.510266688,0.439048459,1.953995314,0.586167638,0.574133939,-0.955248017,0.380332832
-5.140066914,2.609965258,1.567784658,1.127280227,-0.258538747,-0.966009619,0.154789351,-1.581646064,-1.54161254,-0.650790943,-0.197529709,-0.02455127,-0.269865315,-0.35659255,0.017277427,-0.990307178
-61.58484289,-4.082557025,12.1136827,-0.571265914,-5.810308026,-7.49031145,-1.925030466,-4.325435815,-3.942178529,-1.596788566,1.470351988,0.599576104,0.617781127,0.908333903,1.85799249,-1.330570935
-6.185004447,2.471614335,1.608839356,2.293286875,-0.512615638,-1.110217346,0.90393859,-1.24408959,-1.173621042,0.162967645,0.044126177,0.235494914,-0.04283849,-0.079282972,-0.335736271,-0.895130052
-12.87666411,4.489099215,2.743084883,3.05833304,-0.026703726,-1.809699732,0.679233133,-1.807820235,-1.806747451,-0.329679274,-0.162043092,0.567102352,-0.030066141,-0.010466859,-0.125253668,-1.025794961
-28.87965842,5.158636453,2.747904581,2.429632704,-2.012924706,-4.10345061,0.233205649,-5.202713171,-4.327267247,-2.15686657,-1.345330401,0.332374256,-1.067501738,-0.609375963,1.149934635,-1.390527666
-18.88057302,7.919867381,0.188993647,0.257534275,0.490612871,0.496085429,3.889054639,-0.619976364,-0.493196596,0.489303995,-0.482609452,0.14510291,1.66456625,0.574072884,0.122349511,-0.976359444
-17.70857575,14.10606509,2.912608997,7.744075798,1.441365641,-4.104554294,1.413495954,-1.084276994,-0.560840433,-0.281153074,-0.353895413,1.42405645,0.331720837,0.401385149,0.83564601,-0.970109088
-25.22501109,6.319014627,1.82069617,-0.403920026,-1.137379969,0.263353278,-0.280106382,-1.440470098,-2.881156292,-0.380032003,-0.163149697,0.211843882,0.440473091,-0.272413325,0.742057733,-1.323236875
-10.91457909,9.973480883,3.184866956,2.869581298,1.478923068,-0.320647708,1.844915436,-2.305098849,-2.780974897,-0.72167326,0.544808055,0.420873092,0.210636502,1.010566188,-0.270981645,-1.244345363
-13.73563968,6.01257508,4.979569544,1.975548123,0.460507039,0.604806934,0.167133637,-2.336641726,-2.271333864,-0.600516932,-0.121749662,0.543689196,-0.273883486,-0.353713256,0.565890488,-1.068898293
-24.50856735,-1.701056866,-3.668899193,-2.971181113,-3.769926599,-4.72162074,-0.071765322,-5.050146523,-3.782993708,-2.624705446,-1.33189844,-0.748673705,-1.124949031,-1.056725444,0.841894812,-0.948036006
-16.62925664,4.366404344,0.364722127,2.066569862,0.590988516,-1.33722087,0.510242058,-1.999351314,-1.731902411,-0.473606851,-0.220801923,0.122732658,0.332861306,0.582826961,-0.061657017,-1.038829637
-37.57844793,8.564561115,5.185536981,11.32267235,-2.339480954,-2.515336306,-0.848993859,-1.830665467,-1.719856931,-2.658783203,1.59921204,2.430304763,-1.488847446,0.065277106,-0.067848633,-1.398510383
-9.647100273,3.0370855,-0.818997022,4.118578158,0.735155124,0.07525794,-0.716673096,-0.344550031,-1.120534306,-0.152019631,0.057951776,-0.164649536,-0.095698318,-0.011365902,-0.324188681,-0.773082015
-115.5500324,-9.048475215,-15.84422774,-21.11982674,-17.61482188,3.600368328,-2.348015099,-6.147309279,-11.52177443,2.020217495,5.505224909,1.106518781,3.097078214,-0.197624842,4.894723866,-1.485055043
-27.10201388,15.61972545,2.414651318,11.68017444,3.985158018,-0.115558314,0.677383424,0.595615415,-1.054034488,-0.929089454,-1.164870262,0.795717717,0.923696569,1.062675727,0.180922805,-1.471484807
-20.64269343,1.195785765,-0.968351465,4.640561449,-0.084088528,-0.2734885,-2.059151762,-0.190504597,-1.301033205,0.094444896,0.720308414,0.188065533,-0.369975356,0.741770752,0.115190902,-0.784905287
-15.95398844,-0.08236065,4.112206359,1.663819061,0.374137815,-3.025100525,0.297270971,-1.611965478,-2.09172844,-0.72732496,0.553128393,0.480982181,-0.338152461,0.178053587,-0.132755978,-1.154820258
-4.849021378,3.439484098,1.837042162,1.640417085,0.646453864,-1.001656443,0.710550889,-1.129038513,-1.103622662,-0.309064015,0.108428113,0.11624341,0.052921544,-0.01773249,-0.203526001,-1.03685256
-15.86061765,8.284467331,7.419089594,3.430996065,1.177889011,-7.248387589,-1.562219148,-1.984877747,-2.078437663,0.180860731,-0.842092061,0.796983713,-0.278023066,2.187556131,0.372511261,-1.964552966
-5.020414946,2.935888245,1.887591791,0.628064285,0.243705471,-0.780186849,0.396976368,-1.159937117,-1.326335089,-0.058494714,0.26266995,0.225133072,-0.011599214,-0.201970401,-0.033461174,-1.015589931
-39.95809752,14.58823126,8.451999395,7.762624405,-0.788017852,-7.285321516,1.525047233,-2.656815019,-2.009937147,-2.057413498,1.779844649,3.150173736,0.280315088,1.71813163,0.747533258,-0.987709556
-44.41218375,1.539720608,2.277793176,6.926563288,-1.765593026,-1.709524595,-0.941033298,-1.091287455,-3.137273849,-0.087316458,0.868858167,1.083078838,0.325409859,0.700762656,0.075933163,-1.146745598
-35.46335356,10.54359942,11.46187065,7.302027631,-3.972056005,-5.46835424,-5.04414143,-3.132773378,-3.368482715,-0.651155152,-1.090920876,3.888321217,-0.234452552,-0.077151702,0.705937926,-2.657846294
-14.09707156,4.402850324,0.831896997,0.265485498,-0.498615262,-1.620672073,1.472972101,-1.405150472,-1.569732404,-0.454412851,-0.156060211,-0.067767329,1.127465803,-0.107990715,0.027722069,-0.825394516
-22.77788941,15.59673298,7.325002477,8.063390164,3.236496505,-2.250546554,-2.136010342,-0.797499202,-2.502245174,-0.98806868,-1.780434374,0.684203043,0.972417975,1.471817851,-0.866750715,-1.137754876
-9.753657169,6.505593888,1.855028762,-0.000663513,0.569172392,-0.0317492,1.295076553,-0.54875106,-0.905407163,-0.547079043,0.065852559,0.108212335,0.848030775,0.946778905,-0.107167129,-0.922660808
-11.87129317,2.834743715,0.487909291,-0.402390126,-0.763474284,-0.897464004,0.790493324,-1.431380398,-1.567918525,0.06630836,-0.325910183,0.170731072,0.398547019,-0.117695571,0.080334551,-0.814067411
-22.52107743,21.12040448,10.81886459,9.524763363,-0.122011721,-3.610549585,-1.299653436,-1.306303324,-2.301000659,-1.956856699,-1.093206377,2.271497757,1.03989996,1.443235591,-1.417432756,-1.496167221
-47.52713239,14.25349486,4.547536946,12.95937331,0.081799713,1.921350567,1.467824931,2.96169293,-2.545613192,-1.876361288,1.364453112,0.021999326,3.332466697,2.269072603,-2.915549461,-0.405449267
-15.90063417,5.268391874,1.926498798,3.793390368,-0.609955305,-3.590775454,-1.116031528,-0.995714326,-1.802316132,-0.167972534,0.30770875,0.491113089,-0.109602321,0.762573191,0.112817529,-1.31712358
-44.98227549,5.195117325,12.88293175,2.706431148,-3.344220141,2.509220367,1.530788243,-4.503402416,-3.441887799,-2.70518043,1.060960341,0.240866778,1.679681873,-0.20642361,-0.05895042,-2.594045234
-7.062686623,3.362149161,2.749648246,2.509024359,0.157991304,-1.203760354,-0.554492736,-0.486332404,-1.18617404,-0.533601444,0.267505795,0.42411663,0.121534836,-0.029140675,-0.441954601,-0.74846843
-55.80687708,-0.581945564,-8.128257852,-7.744806266,-6.901241151,0.223735241,6.477393819,-4.825478988,-4.225305317,-1.757167462,0.07117961,0.705598073,1.110969886,2.126333403,1.711227809,-1.471687857
-14.42044301,5.005586832,3.586421653,2.282513076,-0.916509306,1.242674908,-5.707958711,-0.660994428,-0.978965605,-0.837012415,-0.142644395,0.422564101,0.432582367,1.558321852,-0.47335058,-0.685641375
-10.80901914,4.150956112,2.46146798,1.61928552,0.858111176,-0.937861125,1.183603512,-1.459449644,-1.779839208,-0.435056276,0.279499245,0.221491323,0.165019559,0.191935959,-0.121359512,-1.078442252
-9.78740648,7.135766717,3.582555046,2.524038321,1.781213323,-1.431106709,1.043525968,-2.17583989,-2.277220848,-1.524660711,0.35423032,0.389136018,-0.188672558,0.434379248,-0.114918966,-1.192640433
-7.216595748,5.841091805,3.515439068,3.887609211,1.179429714,-1.252139727,0.631588338,-0.667412991,-1.381161081,-0.362591127,0.069591151,0.348839917,0.099040939,0.001748794,-0.304779839,-1.067726086
-11.88674472,11.47679241,4.420685531,6.298079208,2.09144658,-1.47942788,1.871726855,-1.101899199,-1.045601928,-0.363635955,-0.474833701,1.38097428,-0.175290554,0.302426835,-0.505461022,-1.367169221
-13.26984355,4.991361096,1.791266724,0.867242851,0.52897788,-1.247000231,2.114289745,-2.221233382,-2.100634599,-0.432728413,0.427084861,0.260474973,0.152472646,0.932909316,-0.14675367,-1.216264481
-16.42618773,3.072106995,-0.532464865,0.037650828,-1.253428273,-0.464210295,1.344403158,-2.065984496,-1.803301697,-0.07596389,-0.816364842,0.084298832,0.053392973,-0.135646387,0.356210329,-0.914630531
-43.83190528,6.093460903,8.169869831,11.14349594,1.174845849,-11.92129778,0.18054305,1.330945814,-3.164532992,-1.206897279,1.421937182,1.892741367,-1.246153077,2.557683959,0.311591936,-1.316742601
-7.773643948,4.912784419,2.69733848,5.080366377,-0.343027409,-0.929078043,0.477913811,-0.668533501,-1.009174205,-0.735088253,0.515005351,0.870456751,-0.702084582,-1.063324195,-0.280763283,-1.221423887
-24.0974458,10.23815053,6.077275127,2.20315531,3.412705815,-0.145332933,3.385686728,-3.56464883,-3.892069523,-0.726839355,1.308611848,0.907673257,0.338998547,0.9217687,0.007604202,-1.476278082
-13.87371875,6.385654387,3.099090082,3.934348426,-0.769985888,-0.426414755,1.566339706,-0.969606051,-1.892616588,-0.083033175,0.471989723,1.03390013,0.207613324,0.948399807,-0.943724629,-1.05628299
-34.46307682,4.357677264,6.641384317,0.240454892,-2.733043594,-6.815601135,0.582159183,-6.344627324,-5.666581944,-1.364066304,0.350888006,2.551516224,-1.5457373,2.008075399,-0.090487743,-1.881462592
-11.8965421,4.622241104,1.669159716,2.907072463,0.296822599,-1.965829561,1.387530786,-1.59558485,-1.128106185,0.094506115,-0.42203589,0.528116195,0.113116633,0.297414105,-0.25553985,-1.025213145
-9.221688027,2.856002161,1.002069495,0.24610048,-0.688165573,-1.54268304,-0.295547851,-1.187516289,-1.602075157,-0.80302904,-0.038125671,0.020102579,0.221229577,0.262105109,-0.110742421,-1.009257351
-9.00708061,7.172840953,5.732431676,2.812927793,0.872201673,-4.656220148,-0.0450393,-0.059210587,-0.979348488,-0.739622297,-0.233893655,0.863563223,0.000226641,0.237529095,-0.469903287,-0.399720414
-18.01015913,4.817415017,3.033743709,4.19147081,-2.429098361,-1.401213131,-0.880609588,-2.08804051,-2.444922735,-0.953878309,0.140982218,0.873618768,0.253629543,0.573382243,-0.466989397,-0.880806572
-11.73804945,6.481903816,3.837263784,2.971609496,2.1546048,-0.946921506,1.646522146,-2.243904405,-2.111997158,-0.694466344,0.429714063,0.409401331,0.015817034,0.472201323,-0.329063959,-1.255886517
-14.96944074,2.747768848,2.998709837,2.766371206,-0.541286491,-1.05952598,0.04760541,-1.100752744,-1.426282566,-0.085167579,0.180718998,0.649328203,0.205098034,0.23906162,-0.111281054,-1.132768396
-17.92435576,5.551327078,4.497543752,-1.025886363,2.353162858,-4.170356984,1.37002965,-5.535882146,-3.136070913,-0.533182603,0.14082689,0.760309251,-1.162500936,0.630703945,0.805473677,-1.625449545
-52.96179438,1.577770227,-0.730337818,3.794071313,-7.277030131,-8.304898583,-0.325046015,-1.344865184,-3.060413483,-1.691422401,-0.770179448,0.792969425,1.179551058,2.149801066,-1.045328614,-0.182748203
-20.40311341,0.601749206,7.723576827,1.628129228,-4.546144633,-5.328134451,-3.694851802,-4.173966914,-3.242028569,-3.018501074,-1.173560211,0.225991173,-0.812156491,-1.903601568,0.19800555,-0.35068153
-5.741288433,3.544931301,2.019860635,1.686340574,0.083179032,-1.446289425,0.385953816,-1.253749688,-0.827403129,-0.183600005,-0.282985465,0.298198295,0.071045289,-0.159973269,-0.125522603,-0.940136041
-21.51232614,5.682751647,5.421352136,4.742342748,-0.28597278,0.872053215,1.319303409,-0.75825709,-1.356064453,0.544644172,-0.522565999,0.845728096,1.115013422,-0.09246629,-0.135706498,-1.810110461
-14.93499548,11.25344473,5.16235502,4.622450929,3.625845386,-2.270567624,1.740363238,-0.511115015,-1.325852058,0.614144716,0.155160453,1.500019875,0.222527341,1.096952973,1.728898634,-1.66582984
-18.33540362,5.226932401,1.585354265,1.592920665,-0.787278525,-1.993415002,0.821612828,-2.040175217,-1.996471126,-0.524708865,0.067650926,0.595283954,0.417363367,0.10574946,0.051093098,-1.042625564
-8.549102203,4.418917253,2.818597629,1.425068821,1.02616344,-1.144683238,0.954073678,-1.274605122,-1.660188377,-0.440878964,0.215123205,0.209119214,0.213025096,0.066193238,-0.174122567,-1.011644556
-26.19985617,3.843077075,-1.353642046,-0.839003294,-1.325290219,-0.080201601,2.658315204,-2.923645415,-3.591574978,0.075082475,0.725807617,0.552187698,-0.280430319,1.595035653,0.22938752,-1.451152875
-39.97520357,16.9341189,6.113410159,6.173957895,-0.406965506,-1.884050414,4.975180829,-2.015099813,-0.902747156,1.471262752,-0.18000379,1.652422988,1.923355719,0.578784264,0.908157001,-1.67961987
-7.708211412,5.751760027,3.03215328,2.543876504,0.861539582,-1.528991299,0.718575408,-1.540272788,-1.531105831,-0.526071089,-0.124796275,0.434829188,-0.04719424,0.200842477,-0.118910911,-1.070892155
-21.6238357,6.631895463,5.59677957,3.792847106,-1.512369541,-3.291233616,0.364695774,-0.780910019,-0.477016109,-0.750147046,-0.88964264,0.542936137,1.495107007,-0.116388759,-0.302591912,-1.382565036
-51.99182652,-0.060941527,6.915446023,18.26402499,-0.224349347,-2.605501867,0.256610968,3.100543676,-4.174616295,-0.75050704,2.254087489,0.834952633,-0.043920114,1.360913168,-1.763949754,-0.397513483
-28.39680781,12.50667851,8.771961879,8.828948668,3.750038448,-2.451648895,2.430085926,0.957197501,-0.920192676,-0.345616448,-0.640187343,1.982364871,1.373352179,0.623648719,0.482923848,-1.900547803
-18.12702493,0.77232231,-3.025168276,-2.785103269,-2.512135812,-1.475276131,1.541797209,-1.722447173,-1.709595039,-0.440673063,0.56655974,0.083383792,0.652154651,0.606576672,0.366505223,-1.101797886
-37.98723824,17.19898449,11.98846908,0.158225771,3.164040499,-4.123614578,3.163770086,-7.166071167,-4.785006322,-1.793314897,-1.002658232,0.977763416,0.080660942,0.548616047,1.149978654,-0.799476175
-76.76657757,17.58455042,20.2723661,-1.508357601,7.781317236,-6.464813774,4.103667043,-13.5948196,-12.51213516,-5.577695419,0.275886771,0.352537279,-0.178238439,4.493180822,0.801518122,-2.219288684
-7.798587162,5.256724727,2.991842338,2.003015233,0.947613099,1.412364763,1.239506086,-1.268360254,-1.426561845,-0.161394933,0.349788895,0.248600943,0.012219373,-0.221641044,0.279104549,-1.150530813
-18.55209482,3.792425644,4.594126281,-2.529203505,0.972804196,-6.616165748,-0.829375778,-5.694548503,-4.097000529,-2.713678631,-0.976176098,-0.280056941,-0.34032864,1.126026321,0.014435786,-1.048835853
-7.206552045,13.20777469,6.82831409,5.995003068,-1.219973471,-6.229432955,-3.173211781,0.159458388,-1.601817946,-2.140862286,-1.160910334,1.804353807,-0.243330306,0.780874534,-0.217144607,-1.365355122
-21.39720708,24.31694844,10.75731261,6.11342428,4.418532055,-1.030354935,0.844963345,-0.173873002,-2.811922394,-0.674270161,-1.578374101,0.55984119,1.450439189,0.221343854,-0.312776195,-0.988105608
-9.23118551,4.637877532,3.506534899,3.34161651,0.39462142,-2.735035935,-0.128157096,-0.919888302,-1.421316722,-0.194840865,-0.245910982,0.371473172,-0.187239116,0.375577724,-0.142913305,-1.469334022
-4.508159978,2.855988529,2.079360433,1.643701327,0.280711087,-0.816396265,0.45181619,-1.017009234,-1.032394124,-0.242580399,0.079759696,0.260057994,0.04891407,-0.082742436,-0.201547823,-0.975151933
-10.66004003,8.111995052,6.578282448,2.817962831,3.527635383,-2.904713606,2.107066992,-2.115247595,-2.553862246,-1.47503079,0.360723541,0.436329599,0.043964224,0.259115587,-0.255202606,-1.242365874
-12.94201725,2.336010379,3.004305943,-2.163143068,-2.217209871,-2.817257384,-1.732158674,-3.556099789,-2.972282733,0.548490901,-0.107967133,0.709762272,-0.609900188,0.005603688,0.484533936,-0.999978749
-16.35416197,10.39262852,4.366405062,4.404841095,1.377305702,-2.213142955,0.287782783,-2.660494836,-2.890515949,0.147061613,0.08980894,1.291339072,-0.566733321,1.068768137,-0.21222521,-1.555002325
-18.73787678,9.554403593,2.522875306,0.308352676,1.255197073,-2.114041778,2.113628066,-2.250406883,-1.540750038,-0.922168943,-0.553632136,0.533299396,1.304214996,1.069677413,0.125371003,-0.993069913
-29.74878188,9.116675403,-1.214158764,11.4993225,-1.645424087,-3.365828334,-1.700722383,-0.660235539,-1.422474983,-0.390968086,-0.388184084,1.779585678,-1.783595856,0.828668006,-0.214427252,-1.135400838
-34.32920277,12.00165879,12.05876379,8.38012368,2.506683215,-4.681594385,1.245669227,-0.564453006,-2.344005082,-1.865508869,1.590203664,1.888713317,0.911857915,1.452381799,-0.401701599,-1.355671957
-12.00637536,2.828171843,-0.143037303,-1.796296825,-1.571627119,-0.602762707,0.696715878,-1.295167388,-1.996369566,-0.584139843,0.471294127,0.071346309,0.303807379,0.244690969,0.242697765,-1.026701224
-25.81588299,14.2074664,8.333643078,5.244364397,-0.533402005,-5.443054753,1.135171306,-4.733575038,-1.943911106,-1.816540925,-0.633918864,2.33088113,0.090791739,0.648153552,-0.640163392,-0.581682955
-4.929131438,3.283640143,2.195155964,1.781599622,0.446105921,-1.00473451,0.545594292,-1.119145362,-1.080653368,-0.230007976,0.003999316,0.268125139,0.03873961,-0.106517529,-0.180906067,-0.987868559
-39.2718642,-10.13466901,4.718123847,0.704446046,-5.168682932,1.143031068,-0.789994444,-3.026518154,-3.530644744,-1.983897766,0.934130164,-0.221388411,0.030343183,1.456988854,-1.271603676,-1.265986074
-13.29711852,8.393561711,6.099913733,6.96687643,1.393148315,1.502393046,-1.269234876,-1.482654496,-2.875311905,-1.839992757,-0.307648103,1.305611611,-0.488370222,0.289566596,-0.821837968,-1.45762836
-22.63217713,15.28372461,11.4900883,9.330757786,3.120953539,-2.941587042,2.139968527,0.128971761,-1.102644114,-1.257379827,1.453442674,2.56505797,0.265182975,3.012954436,-1.376547011,-0.968449214
-6.481719963,2.994243702,0.990608415,0.656371866,-0.10447641,-0.466992789,-0.055384358,-1.024705123,-1.527950325,0.059926308,0.3157717,0.08093613,-0.053794152,0.131902771,-0.015365614,-1.050620129
-28.8802214,5.129197567,-3.421507781,-4.785186104,-3.779112533,-1.23442684,1.245455576,-0.128838684,-1.288118812,-1.230662296,0.129745818,-0.696651963,2.948306698,1.060044626,0.496291053,-0.62916966
-14.26551166,4.104810902,3.109997703,0.022911966,0.871068475,-2.430794461,1.608280342,-2.77088679,-1.839118192,-0.458608501,-0.636417242,0.376160821,0.181986483,0.218452675,0.088695719,-1.001028661
-17.05268266,1.829273361,2.302950632,2.634212606,-1.145881341,0.216001374,0.19526167,-1.009767767,-0.940233501,-1.294325519,0.253353739,0.045722304,0.954931813,-0.054167001,-0.261754807,-0.714161829
-20.38347771,9.91634451,3.62532796,2.177524715,-0.217803462,-0.223390179,-0.357732331,-1.345047483,-0.454991305,-1.469160469,-0.768141958,0.484330994,1.445557683,0.350570246,0.156011731,-1.038351115
-14.82052922,8.950850719,4.79271376,6.40414138,0.893885192,-0.029996241,1.480461156,-0.843848573,-1.597343109,-0.980324698,1.243903661,0.818429339,1.194246553,0.504306264,-1.330343904,-1.015741186
-29.79802648,4.313345436,2.269891213,0.673366465,-1.778048304,-2.536173016,2.362162517,-4.293227255,-2.898958467,-0.266630747,-1.16705414,1.463673312,0.099159157,-0.168570115,0.600511057,-1.021083569
-16.2611394,4.242843288,0.355976605,1.448037525,0.026459414,-1.388924029,0.949041547,-1.901522622,-1.701910532,0.180635631,-0.445737182,0.366163679,0.710164335,0.568093416,-0.213335496,-0.875039991
-26.37800479,2.049749173,-2.926957805,-1.85880517,-2.369254001,-2.806900569,3.326594962,-2.594440853,-1.938819186,-0.830120129,-0.030031417,0.631910608,1.124458427,0.652212435,0.214007365,-1.093428729
-33.78643734,8.922763218,8.070864527,4.934162818,2.034179048,-2.25192075,2.491490416,-2.634091664,-3.934541168,-1.751927895,-0.119288773,1.644315372,0.32807777,2.008270725,-0.707224714,-1.680140539
-70.88307371,3.934789056,-3.81454445,-2.999707627,-7.316922941,-3.421396562,1.704851294,-3.976195681,-6.04191888,0.395867151,0.066363051,1.807854824,2.091667838,0.933897766,1.220618542,-0.952048505
-21.76166264,7.786193895,2.462599563,0.112097026,-0.9264985,-5.097984035,-0.189678754,-4.998920294,-1.818585359,-2.387675861,-3.212165534,1.164814675,-0.103449462,0.135192597,0.158226363,-1.110352606
-27.86287404,7.598963265,5.151630393,0.17804811,2.461681094,0.166178181,2.082961246,-3.412852111,-3.716029426,-1.175315277,1.00634191,0.374517622,0.100554409,0.845742625,0.725715936,-1.536833515
-29.63186224,9.63121555,3.835687711,7.696730424,-2.697439316,-0.809752321,0.056715996,-2.47808232,0.019517386,0.367479184,-0.989784271,0.844480818,1.551315984,0.173359885,-1.761484591,-0.668453499
-16.01851251,8.923720571,4.203057536,2.90036083,0.831040755,-1.493358098,1.040077853,-1.946686817,-1.824321524,-0.359883181,0.202986196,1.385693761,-0.470901618,0.165372924,0.350044317,-1.33886259
-146.9782462,4.713507372,-20.49769213,-12.42105129,-17.06329392,0.858705073,-0.077495328,-10.18064139,-16.15450473,3.894373842,2.133629116,0.489076388,1.901987423,4.551158025,4.00879765,-1.622343224
-26.99334634,6.046002195,2.488881478,6.490582491,-1.49585499,-2.332031101,0.579009978,-1.556587077,-1.511133132,-0.721861327,1.518321467,0.681878787,0.639687331,0.52877568,-0.319368145,-0.819024141
-19.79790264,7.585852995,0.403876423,-0.519776996,-2.517628906,-3.266255039,1.845707046,-2.655702599,-1.439881326,0.283440254,-0.516456308,1.11535808,0.4156672,1.023132779,0.269577067,-0.774942494
-8.275920582,6.374908975,1.907078321,1.304335987,0.81485426,-0.747074035,2.000736237,-0.561323512,-0.518654933,0.27512505,-0.43501554,0.297478809,0.719073881,0.628955721,-0.254997377,-0.941716346
-22.85073419,3.598196843,0.564790493,0.04873338,-1.873958467,-1.809762475,0.207413463,-1.434748462,-2.758686195,-0.572219841,0.540582651,0.55621642,0.493288041,0.769083542,0.189766192,-1.082421993
-98.24718327,18.11090858,3.908756282,19.07502223,-9.398465595,-10.67881287,3.065618941,-1.83994128,-5.716524537,-0.004894206,-0.120774512,5.694892725,-0.347558136,0.631454118,-0.820214712,0.028934631
-9.864131305,4.903772334,2.766751519,1.057071388,0.929632584,-1.166634146,1.007217467,-1.844656609,-1.765801556,-0.26694584,0.17709787,0.281352376,0.017258446,0.221806424,0.050520062,-1.138477401
-144.9137216,18.34385875,14.35661637,26.14669787,-12.56965371,-7.916794402,-1.645477086,-1.816788909,-10.66766343,-2.201969915,1.35229041,7.595731558,2.272897405,2.295653905,0.145356852,-2.260554275
-4.124348142,3.17170434,2.582329671,1.94127212,0.7815147,-0.930395064,0.598705953,-0.863427273,-1.074936537,-0.290702146,0.158595455,0.24369012,0.050780821,0.001860394,-0.282314894,-0.969317823
-19.54527977,4.153389052,0.165297978,-1.084510617,-1.944401886,0.727815774,1.392523381,-0.890023021,-1.616320784,0.245951442,-0.040814198,-0.262021657,1.216790682,-0.434665985,0.650769136,-0.736138184
-7.218226128,5.788076073,3.414882304,4.195952434,-1.878350274,-2.309610287,-1.490033415,0.288345813,-0.576698139,0.914183439,1.04915268,1.27337073,0.068835217,0.702762521,-0.849218295,-0.399694417
-10.38340402,7.848760272,1.649838075,3.27604131,-0.730800317,-0.90717174,1.974955573,-0.332207396,-0.393322876,-1.986890137,0.267686429,0.461839403,1.337760789,0.146859432,-0.244310405,-1.364742021
-26.76698884,14.5719048,4.10081577,6.842289739,4.265244945,-3.032389628,3.38916989,-2.23940327,-3.17937503,-1.843643185,-0.412633294,0.284658572,0.550837497,1.761337243,-0.563610787,-1.244924807
-38.74733063,6.237453839,5.390858652,4.562066895,-2.14832464,-2.250655923,-2.387554077,-2.388256681,-3.524475874,-1.354744894,1.939587227,0.988962347,-0.141091757,1.168747412,0.142319686,-1.106694459
-53.39872207,-1.969736196,4.793390374,3.105903198,-5.691943368,2.182994369,-1.794364126,-0.837685861,-2.750892514,0.620174017,-0.944619717,1.077932526,2.239600097,0.710321634,0.287192801,-3.344953876
-21.27790324,6.237580181,7.320038748,3.171920059,-0.572669542,-4.854174648,-2.261487004,-2.217709147,-2.389355528,-0.451022322,1.063343,1.290914965,-0.729930216,1.248367194,0.63257048,-1.588628437
-14.46837091,3.152591899,1.513613339,2.157473889,-0.575293988,-0.23506761,-0.148407807,-2.212851589,-2.625040136,-0.166745741,0.020866846,0.157716763,-0.14259255,-0.392401688,0.193419677,-0.961300016
-59.85127887,5.98117956,5.736094205,11.48942688,-4.072952264,-4.567589244,0.407705083,-3.968358503,-5.42185333,-2.483703375,-3.425747727,1.57844214,-0.086195593,-1.197543424,0.18214004,-0.627431641
-5.233638983,4.773861515,3.461742535,2.890541172,1.010915487,-2.011902058,0.325552136,-1.260995103,-1.613832315,-0.957203723,-0.074915405,0.158650148,-0.123474969,-0.146123774,-0.335460057,-0.916293894
-61.59051591,1.308855754,-1.96918868,6.105824149,-3.539221881,-1.309635703,-0.342451502,-2.128328483,0.846646837,-0.729278936,0.711374631,-2.228840638,1.611085795,0.236895464,1.069433779,-1.626056554
-30.40545897,3.788563253,2.472706785,4.173677898,-6.492273695,-2.584460622,-3.376914255,-2.696279272,-0.178947518,-1.089864144,1.049579334,0.813622515,0.241927224,0.461472783,-0.635220693,-0.039721407
-23.72937626,7.428253827,2.616291185,3.20338748,-0.682194199,-3.404868966,1.746198384,-2.73777553,-2.078135181,-1.144277304,-0.707514256,0.845318699,0.586162902,0.185534943,0.016081828,-1.131124349
-18.65692927,26.2099736,5.781160806,8.662180544,-0.98863374,-6.569087574,3.089747974,-4.676025056,-1.045473492,-2.37709061,-2.505604736,1.947849316,0.327640596,-1.221720114,-0.199643562,0.097749117
-33.44125451,5.100075094,4.59993125,3.490200869,-2.301371134,-2.765326252,0.313278396,-1.178984801,-2.64329362,-0.787376804,1.093226639,1.206891789,1.121408694,1.193060604,-0.163154115,-1.266690447
-9.770094034,5.575657142,4.555578223,2.094183852,0.614735522,0.884646806,0.403773668,-0.664593299,-1.37485363,-0.52107813,0.19360073,0.398468666,0.330965177,-0.019877342,-0.175138535,-0.879803173
-28.00706863,10.11623121,5.188032112,2.203699786,-1.994868368,-3.528274512,-0.757870337,-2.626350156,-3.472213107,-1.182810986,0.710673868,2.271490894,-1.152646823,0.58551471,0.749736301,-1.91046044
-5.76624488,3.578847334,1.762096309,1.392307677,0.579008136,-0.867396605,0.772239198,-1.095707135,-1.128650066,-0.30802812,0.040064402,0.181722568,0.171549412,0.228779856,-0.212456506,-0.993795307
-11.00585606,10.76673811,3.780550397,4.106791912,3.089996578,-1.456792447,4.104457119,-1.370534984,-1.778008776,0.153784481,-0.408587658,0.493880462,0.430341182,0.460451778,-0.449537923,-1.19485903
-8.011753901,6.641810087,3.447555606,2.976817349,0.366458241,0.501529007,-1.115189824,-1.996902051,-2.247397484,-1.138595887,-0.336977254,0.43813134,-0.326437133,-0.358385125,-0.055741484,-1.242722217
-13.57682415,9.260981828,6.32468228,3.319681693,1.711257232,-1.146830933,-0.504822558,-1.867658736,-2.067414632,-1.684084728,-0.750369242,0.768217163,1.141646847,0.203053628,-0.394929988,-1.339362339
-8.248022145,6.864784808,3.607742375,3.583813228,2.027873861,-2.485479313,0.73218759,-1.164672596,-1.362158505,-0.613548227,-0.217943451,0.563067585,-0.019723439,0.719306635,-0.160083303,-1.328960744
-23.06236174,16.67163816,9.062438403,7.300059326,4.396538595,-1.805118104,0.077716103,-1.389493072,-2.359049346,-0.584622358,-1.117402481,2.206545719,0.129022377,0.191123525,0.136452047,-1.65814502
-31.72927038,3.306149265,1.044571077,4.485121997,-0.05541946,0.974457557,0.25719998,-0.354020418,0.563296853,-0.3494066,-0.711598582,1.821386934,1.058604929,0.208913068,-0.258930666,-1.069219906
-10.68043867,5.65864015,3.325681406,0.592931985,-0.21641685,-2.0786036,0.042778636,-2.202413684,-2.400631447,-0.688192261,-0.116896955,0.345308133,0.095702203,-0.004104264,-0.096617291,-0.96003745
-15.37483285,8.971820606,5.439274553,0.969324176,2.103636227,-3.383275009,2.343628688,-3.320476515,-1.406756238,-0.195655966,-1.11261906,1.09291519,0.106254175,0.300024569,0.600251832,-1.139240141
-18.09206849,7.528037759,5.376824241,0.96002334,-0.143907108,-1.52718135,-0.270179839,-3.104970644,-3.65257526,0.18652332,0.409604956,1.38805428,-0.195469076,-0.258928501,0.116743404,-0.995337637
-6.20146725,2.310980365,1.114375664,0.975863839,-0.196265868,-0.69019883,0.408513356,-1.153002307,-1.140004649,-0.256105738,0.035789867,0.032409499,0.087831027,-0.221934938,-0.028497011,-0.997264289
-11.29439061,2.605555576,2.522279315,0.479624983,0.468287857,-1.6582142,0.450874927,-1.980831441,-1.837184701,-0.506579793,-0.028493359,0.132730896,0.095149264,0.072790746,-0.01937528,-1.013856667
-30.85539397,12.19708241,2.257397239,8.173614825,-0.748336483,-6.013150051,0.768497534,-1.199840263,-2.383687267,-1.283028302,1.394427531,0.899531736,-0.324333059,2.535372408,-0.663331054,-1.347487125
-18.65061203,11.58274129,0.42677075,7.352989554,-0.696265364,-4.655645789,3.222258845,-2.22288212,-0.173452179,-1.669523626,-0.473556208,1.829321753,-0.730313623,-0.831467282,0.474737771,-1.093946348
-23.53499381,8.274757216,5.054782075,4.811167364,1.324333098,-3.562765102,0.407030844,-0.158344138,-0.525137687,0.716839007,-0.082765148,1.206798691,0.56307917,2.064737162,-0.409734174,-1.185739578
-10.98891279,7.435355568,2.06197485,2.577077224,0.655920208,-0.86645123,-1.227343964,-0.768598585,-1.922700783,0.655564941,0.841016008,0.773689504,-0.053286376,0.378792236,0.304264088,-0.391202042
-3.273934705,2.929353923,1.868209281,1.345751687,0.423231741,-0.820721832,0.540419558,-1.007408681,-0.95622001,-0.178517863,0.040721214,0.158782067,0.041137527,-0.122328014,-0.168719768,-0.981939402
-37.12038491,12.30215115,9.144379246,2.297904707,0.99692231,-10.08206089,0.879885529,-3.931302944,-4.706230883,-1.814858565,-0.173706319,0.661332409,1.09768511,1.922534545,-0.642218929,-0.201366226
-98.92948694,-7.674014806,-15.24052928,-21.43466832,-17.51726031,0.253570656,-0.942300521,-6.188663412,-9.161889934,0.168737052,0.109287576,-0.305482312,2.084615591,-2.095858539,5.032813534,-0.690575484
-18.07337572,11.30110442,3.693188055,1.364738638,-0.535694124,0.005008179,1.284688376,-1.823256389,-2.151240494,-0.861823482,-0.347995399,0.335176144,1.02262409,-0.119673477,0.466119304,-1.342238773
-18.99375111,16.95614203,11.67982969,7.069762693,7.749314437,-1.98340136,4.322263585,-2.950739012,-4.232994727,-2.058930345,0.917626199,0.807380247,-0.260523163,0.240615332,-0.086501791,-1.571727913
-23.97133393,6.33405999,-0.737333673,3.848992678,-4.995145805,-3.074726201,3.184345963,-5.34741622,-2.474896911,-0.252716677,-0.566259316,0.447747627,0.653218711,-0.470627506,-0.712032405,-0.198566957
-36.82395854,2.704943956,8.341460456,0.436295356,-3.312405106,1.392365927,0.165975994,-2.139963026,-1.505173845,-0.295402186,-0.946749798,1.033944818,2.480152177,0.029035053,0.942611535,-2.632011933
-15.30738434,6.88766497,3.800306322,-3.405667364,-0.663618458,-4.137579443,-0.959247085,-4.482551035,-3.40589927,-0.612958512,-0.952180195,0.367226729,0.076965882,1.445020765,0.233012474,-1.004185762
-13.8267925,9.294876332,6.975612001,4.263164502,1.649812305,2.039344188,1.938416948,-2.396600544,-2.440844876,-0.416331216,0.944700404,0.861485229,-0.232608127,-0.585828236,0.37415084,-1.187668822
-18.53807479,5.966659799,0.06014892,1.23788313,-1.561860386,-2.77923144,1.673224463,-3.046437873,-3.216128817,-0.820301541,-0.088408977,0.04455756,0.473772118,0.689892624,-0.172884856,-0.920597227
-8.924134907,2.43567943,1.826563466,1.016818385,0.341636017,-1.780748292,1.046508922,-1.66910385,-1.046132479,-0.192985968,-0.623145658,0.096856138,0.363560263,-0.389717754,-0.04078047,-0.84573792
-2.903643884,3.023212242,2.055323701,1.475535901,0.512714474,-0.858720256,0.502165706,-0.992813194,-0.913694962,-0.192967092,0.035857291,0.189725875,0.027530021,-0.147260487,-0.186872402,-0.981957167
-15.38956145,3.140267212,1.619973477,0.793181008,0.550378929,-1.548342566,1.046311789,-2.384375872,-2.535802625,-0.747023424,0.313683561,0.141089995,-0.372657404,0.045797362,0.164153246,-1.24385767
-5.892133463,4.066949625,2.162561766,1.426475179,0.607037353,-0.925262509,0.977636712,-1.23185934,-1.354283198,-0.311391272,0.173784157,0.210177347,0.095733503,0.294003337,-0.249010772,-1.040374583
-19.51131888,15.20898146,-0.690902309,6.774679457,-0.140182217,0.345065227,-0.546252454,-2.488455718,0.602748725,-1.504153172,-1.642843911,-0.518993541,-0.112871421,-2.372904749,-0.282765608,-0.217948501
-28.05604564,15.71330792,-1.197393645,6.963750486,5.11008965,0.15273641,-0.782546043,-1.739091414,-0.165398325,-3.718419566,-0.286475226,-0.787953279,1.595784246,-1.469670192,-0.553512186,-1.425225205
